id,title,canonical_name,provider,host_country,degree_levels,fields_of_study,funding_type,deadline,deadline_text,target_eligible,evidence_verified,nationality_mode,eligibility_summary,evidence_quote,apply_url,page_url,lang,first_seen,extracted_at,model
32,Call for proposals,Stefan Banach Scholarship Programme,Polish National Agency for Academic Exchange (NAWA),Poland,master,engineering and technical;agricultural;applied sciences;life sciences,full,2020-03-16,"16 March 2020, 3 pm Central European Time (Warsaw local time)",yes,1,unclear,"Тусгайсан хөтөлбөр нь Зүүн түншлэл, Төв Ази болон Баруун Балканы орнуудын иргэд болон хөгжиж буй орнуудын хүн амд зориулагдсан бөгөөд тус улсуудын иргэд магистрын зэрэг эзэмших боломжтой.","The Scholarship offer is addressed to the citizens of countries identified by the Ministry of Foreign Affairs as having priority status for the Programme: Belarus, Ukraine, Armenia, Azerbaijan, Georgia, Moldova, Kazakhstan, Kyrgyzstan, Uzbekistan, Tajikistan, Turkmenistan, as well as the following Western Balkan countries: Albania, Bosnia and Herzegovina, Montenegro, Kosovo, North Macedonia and Serbia.",https://programs.nawa.gov.pl/login,https://nawa.gov.pl/en/students/foreign-students/the-stefan-banach-scholarship-programme/call-for-proposals,en,2026-10-06T04:56:33+00:00,2026-10-07T06:31:13+00:00,gemma-4-26B-A4B-it-UD-Q4_K_M
381,ОРОСЫН ХОЛБООНЫ УЛСЫН “РОСНЕФТЬ” НЭЭЛТТЭЙ ХУВЬЦААТ,Rosneft Scholarship,Rosneft,Russia,bachelor,natural sciences;ecology;environmental protection;economics;production management;organizational management;oil;natural gas,full,2020-03-20,2020 оны 3 дугаар сарын 9 -ний өдрийн /Даваа гараг/ 09.00 цагаас 3 дугаар сарын 20 -ны өдрийн /Баасан гараг/ 12.00 цаг хүртэл,yes,1,all,"17-21 насны Монгол Улсын иргэн байх шаардлагатай. Мөн Монгол Улсын эсвэл ОХУ-ын их, дээд сургуулийн хэлний бэлтгэлд суралцаж буй эсвэл тусгай шаардлагыг хангасан байх ёстой.",Дараах шаардлагын аль нэгийг хангаж буй 17-21 хүртэлх насны Монгол Улсын иргэн сонгон шалгаруулалтад оролцоно:,https://scholarship.esis.edu.mn,https://svc.esis.edu.mn/scholarship-api/downloads/san/foundation-1.pdf,mn,2026-10-06T08:22:57+00:00,2026-10-07T06:51:42+00:00,gemma-4-26B-A4B-it-UD-Q4_K_M
380,"БНХАУ-ЫН ӨВӨР МОНГОЛЫН ӨӨРТӨӨ ЗАСАХ ОРНЫ ИХ, ДЭЭД СУРГУУЛИЙН БАКАЛАВРЫН ХӨТӨЛБӨРТ СУРАЛЦУУЛАХ ТЭТГЭЛЭГ ЗАРЛАГДЛАА /2021-2022/",Inner Mongolia Autonomous Region Undergraduate Scholarship,Inner Mongolia Autonomous Region Department of Education,China,bachelor,,full,2021-07-20,2021 оны 06 дугаар сарын 29-нөөс 07 дугаар сарын 20-ны өдрийн 11:59 цаг хүртэл,yes,1,all,"Сонгон шалгаруулалтад ерөнхий боловсролын сургууль төгссөн Монгол Улсын 25 хүртэлх насны иргэн байх шаардлагатай. Хэрэв Монгол Улсын магадлан итгэмжлэгдсэн их, дээд сургуулийн суралцагч бол голч дүн 3.2 ба түүнээс дээш байх ёстой.",Сонгон шалгаруулалтад ерөнхий боловсролын сургууль төгссөн Монгол Улсын 25 хүртэлх насны иргэн байна;,https://scholarship.esis.edu.mn/grant/login.html,https://scholarship.esis.edu.mn/grant/news%20more.html?more=32,mn,2026-10-06T08:22:55+00:00,2026-10-07T06:51:36+00:00,gemma-4-26B-A4B-it-UD-Q4_K_M
276,第41期 イノアック国際教育振興財団奨学金,INOAC International Education and Scholarship Foundation Scholarship,公益財団法人 イノアック国際教育振興財団,Japan,master,,tuition_only,2021-11-02,２０２１年１１月２日（火）,yes,1,unclear,"Япон бус бусад улсын иргэд (олон улсын оюутан), Японы их сургуулийн магистрын хөтөлбөрт суралцах төлөвлөгөөтэй, 26 хүртэлх насны, япон хэлний мэдлэгтэй (N3 түвшин) оюутнууд.",① 国 籍 ： 日本以外の国籍を有する人,https://gaxi.jp/organization/X79Yw2g5K48vlm4E/project/4pZwn6d23oRbmqBv,https://gaxi.jp/organization/X79Yw2g5K48vlm4E/project/4pZwn6d23oRbmqBv,ja,2026-10-06T06:03:39+00:00,2026-10-07T06:45:33+00:00,gemma-4-26B-A4B-it-UD-Q4_K_M
378,МОНГОЛ УЛСЫН ЕРӨНХИЙЛӨГЧИЙН НЭРЭМЖИТ СУРГАЛТЫН ТЭТГЭЛЭГ ЗАРЛАГДЛАА /2021-2022/,Presidential Scholarship of Mongolia,Ministry of Education and Science of Mongolia,Multiple,bachelor,,full,2021-12-09,2021 оны 12 дугаар сарын 06-ны өдрийн 08:30 цагаас 12 дугаар сарын 09-ний өдрийн 11:59 цаг хүртэл үргэлжилнэ.,yes,1,all,"Монгол Улсын иргэд, сүүлийн 3-аас доошгүй жил харьяалагдах сум, хорооны сургуульд суралцаж төгссөн, математик болон гадаад хэлний ЭЕШ-ын дундаж оноогоор тэргүүлсэн байх шаардлагатай.","Монгол Улсын иргэний дэлхийд өрсөлдөх чадварыг нэмэгдүүлэх, хүүхэд залуучуудын суралцах тэгш боломжийг хангах, дэлхийн шилдэг их, дээд сургуульд суралцахад дэмжлэг үзүүлэх зорилгоор Ерөнхийлөгчийн нэрэмжит сургалтын тэтгэлэг олгох шалгуур нөхцлийг хэрхэн тогтоож, хэрэгжүүлэхийг Монгол Улсын Засгийн газарт чиглэл өгсөн Монгол Улсын Ерөнхийлөгчийн 8-р сарын 27-ны өдрийн 23 тоот Зарлиг гарсан.",https://scholarship.esis.edu.mn/,https://scholarship.esis.edu.mn/grant/news%20more.html?more=33,mn,2026-10-06T08:22:55+00:00,2026-10-07T06:51:31+00:00,gemma-4-26B-A4B-it-UD-Q4_K_M
377,МОНГОЛ УЛСЫН ЕРӨНХИЙ САЙДЫН НЭРЭМЖИТ СУРГАЛТЫН ТЭТГЭЛЭГ ЗАРЛАГДЛАА /2021-2022/,Prime Minister's Scholarship Program,Ministry of Education and Science of Mongolia,Mongolia,bachelor;master;phd;short_course,,tuition_only,2022-04-19,2022 оны 4 дүгээр сарын 19-ний өдрийн 17:00 цаг хүртэл,yes,1,all,"Мэдлэг боловсрол, бүтээлч чанар, шинэ санаа, сайн үйлс, авьяас, ур чадвараараа онцгой амжилт гаргасан бакалаврын оюутан, коллеж, мэргэжлийн сургалтын суралцагч болон дэлхийн шилдэг 100 их, дээд сургуулийн магистр, докторын хөтөлбөрт суралцах эрх авсан иргэд.","Мэдлэг боловсрол, бүтээлч чанар, шинэ санаа, сайн үйлс, авьяас, ур чадвараараа онцгой амжилт гаргасан их, дээд сургуулийн бакалаврын хөтөлбөр, коллеж, мэргэжлийн сургалт, үйлдвэрлэлийн төвийн оюутан, суралцагч болон дэлхийн шилдэг 100 их, дээд сургуулийн магистр, докторын үндсэн хөтөлбөрт суралцах эрх авсан иргэдийг Монгол Улсын Ерөнхий сайдын нэрэмжит сургалтын тэтгэлгийн сонгон шалгаруулалтад оролцохыг урьж байна.",https://scholarship.esis.edu.mn/,https://scholarship.esis.edu.mn/grant/news%20more.html?more=34,mn,2026-10-06T08:22:47+00:00,2026-10-07T06:51:25+00:00,gemma-4-26B-A4B-it-UD-Q4_K_M
379,ОХУ-ЫН “РОСНЕФТЬ” НЭЭЛТТЭЙ ХУВЬЦААТ НИЙГЭМЛЭГИЙН ТЭТГЭЛЭГТ ХӨТӨЛБӨРТ СУРАЛЦУУЛАХ СОНГОН ШАЛГАРУУЛАЛТ ЗАРЛАГДЛАА.,Rosneft Scholarship,Rosneft,Russia,bachelor,natural sciences;ecology;environmental protection;economics;production management;organizational management;oil;natural gas,full,2022-04-21,2022 оны 4 дүгээр сарын 21-ний өдрийн /Пүрэв гараг/ 12.00 цаг хүртэл,yes,1,all,17-21 насны Монгол Улсын иргэн байх шаардлагатай. Мөн Монгол Улсын эсвэл ОХУ-ын магадлан итгэмжлэгдсэн сургуулийн хэлний бэлтгэлд суралцаж байгаа эсвэл тодорхой шаардлага хангасан байх ёстой.,Дараах шаардлагын аль нэгийг хангаж буй 17-21 хүртэлх насны Монгол Улсын иргэн сонгон шалгаруулалтад оролцоно.,https://scholarship.edu.mn,https://scholarship.esis.edu.mn/grant/news%20more.html?more=36,mn,2026-10-06T08:22:55+00:00,2026-10-07T06:51:32+00:00,gemma-4-26B-A4B-it-UD-Q4_K_M
22,Stipendium Hungaricum,Stipendium Hungaricum,Tempus Public Foundation,Hungary,,,full,2023-05-09,"9 May 2023, 12 pm (CET)",unclear,0,unclear,Олон улсын оюутнуудад зориулсан тэтгэлэг бөгөөд урьдчилсан сургалтад хамрагдах боломжтой.,,https://apply.stipendiumhungaricum.hu/,https://apply.stipendiumhungaricum.hu,en,2026-10-06T04:55:43+00:00,2026-10-07T06:30:45+00:00,gemma-4-26B-A4B-it-UD-Q4_K_M
376,"ӨВӨР МОНГОЛЫН ӨӨРТӨӨ ЗАСАХ ОРНЫ ИХ, ДЭЭД СУРГУУЛИЙН БАКАЛАВРЫН ХӨТӨЛБӨРТ СУРАЛЦУУЛАХ ТЭТГЭЛЭГ ЗАРЛАГДЛАА",Inner Mongolia Government Scholarship,Inner Mongolia People's Government,China,bachelor,Business Administration;Banking and Finance;Accounting;Economics;Chinese Language and Literature;International Chinese Language;Journalism;Law,full,2023-06-19,2023 оны 05 дугаар сарын 15-наас 06 дугаар сарын 19-ний өдрийн 11:59 цаг хүртэл,yes,1,all,"Сонгон шалгаруулалтад ерөнхий боловсролын сургууль төгссөн Монгол Улсын 25 хүртэлх насны иргэн байх шаардлагатай. Хэрэв магадлан итгэмжлэгдсэн их, дээд сургуулийн суралцагч бол голч дүн 3.2 ба түүнээс дээш байх ёстой.",Сонгон шалгаруулалтад ерөнхий боловсролын сургууль төгссөн Монгол Улсын 25 хүртэлх насны иргэн байна;,https://scholarship.esis.edu.mn/grant/login.html,https://scholarship.esis.edu.mn/grant/news%20more.html?more=47,mn,2026-10-06T08:22:42+00:00,2026-10-07T06:51:19+00:00,gemma-4-26B-A4B-it-UD-Q4_K_M
375,БҮГД НАЙРАМДАХ БЕЛАРУСЬ УЛСЫН ЗАСГИЙН ГАЗРЫН 2024-2025 ОНЫ ТЭТГЭЛЭГТ ХӨТӨЛБӨР ЗАРЛАГДЛАА,Government of the Republic of Belarus Scholarship,Government of the Republic of Belarus,Belarus,bachelor,Veterinary Medicine;Plant-based product manufacturing;Agro-industrial complex technical services;Mining production machinery and mechanisms;Electrical equipment assembly and operation,full,2024-02-20,2024 оны 02 дугаар сарын 20-ны өдөр хүртэл,yes,1,unclear,"Тэтгэлэгт горилогч нь ерөнхий боловсролын сургууль эсвэл их, дээд сургуулийн 75-аас дээш голч дүнтэй байх шаардлагатай. Мөн Беларусь эсвэл Орос хэлний мэдлэгтэй байх шаардлагатай.",Бүртгэл: 2024 оны 02 дугаар сарын 20-ны өдөр хүртэл Монгол Улсад суугаа Беларусь улсын элчин сайдын яам тэтгэлэгт горилогчийн материалыг хүлээн авна.,https://www.studyinby.com/,https://scholarship.esis.edu.mn/grant/news%20more.html?more=56,mn,2026-10-06T08:22:39+00:00,2026-10-07T06:51:14+00:00,gemma-4-26B-A4B-it-UD-Q4_K_M
79,БҮГД НАЙРАМДАХ ТУРК УЛСЫН ЗАСГИЙН ГАЗРЫН ТЭТГЭЛЭГ ЗАРЛАГДЛАА,Türkiye Scholarships,Government of Türkiye,Türkiye,bachelor;master;phd,,full,2024-02-20,02 дугаар сарын 20-ны өдрийг дуустал,yes,1,unclear,"Турк Улсын иргэншилтэй бус, Турк Улсын сургуульд суралчдаггүй, нас болон дүнгийн шаардлага хангасан горилогчид (Бакалавр: 21 хүрэхгүй, Магистр: 30 хүрэхгүй, Доктор: 35 хүрэхгүй) горилогдоно.",Эхний шатанд тэнцсэн тэтгэлэг горилигчид Бүгд Найрамдах Турк Улсаас Монгол Улсад суугаа Элчин сайдын яаманд ярилцлаганд дуудагдана.,https://tbbs.turkiyeburslari.gov.tr,https://moe.gov.mn/post/125879,mn,2026-10-06T04:59:12+00:00,2026-10-07T06:33:34+00:00,gemma-4-26B-A4B-it-UD-Q4_K_M
78,БҮГД НАЙРАМДАХ ТУРК УЛСЫН 2024 ОНЫ ЗАСГИЙН ГАЗРЫН ТЭТГЭЛЭГ ЗАРЛАГДЛАА,Türkiye Scholarships,Government of Türkiye,Türkiye,,,full,2024-02-20,2024 оны 1 дүгээр сарын 10-аас 2 дугаар сарын 20-ны өдрийг дуустал,yes,1,unclear,Бүгд Найрамдах Турк Улсын 2024 оны Засгийн газрын тэтгэлэгт хөтөлбөрт бүртгүүлэх боломжтой.,Published by Боловсролын яам гадаадад суралцах,https://tbbs.turkiyeburslari.gov.tr,https://moe.gov.mn/post/151791,mn,2026-10-06T04:59:06+00:00,2026-10-07T06:33:27+00:00,gemma-4-26B-A4B-it-UD-Q4_K_M
372,БҮГД НАЙРАМДАХ ЧЕХ УЛСАД ДЭЭД БОЛОВСРОЛЫН БАЙГУУЛЛАГЫН БАГШ СОЛИЛЦООНЫ ТЭТГЭЛЭГТ ХӨТӨЛБӨР ЗАРЛАГДЛАА,Czech Republic Higher Education Teacher Exchange Programme,"Ministry of Education, Youth and Sports of the Czech Republic",Czech Republic,postdoc;research,,full,2024-02-23,2024 ОНЫ 02 САРЫН 23-НЫ ӨДРИЙГ ХҮРТЭЛ,yes,1,unclear,Дээд боловсролын байгууллагад багшаар ажилладаг байх шаардлагатай бөгөөд англи хэлний B2 түвшний мэдлэгтэй байх ёстой.,Published by Боловсролын тэтгэлгийн портал,https://scholarship.esis.edu.mn/,https://scholarship.esis.edu.mn/grant/news%20more.html?more=54,mn,2026-10-06T08:22:24+00:00,2026-10-07T06:50:58+00:00,gemma-4-26B-A4B-it-UD-Q4_K_M
373,ХЯТАДЫН ЗАСГИЙН ГАЗРЫН ШИЛДЭГ МАНЛАЙЛАГЧ ЗАЛУУЧУУДАД ЗОРИУЛСАН МАГИСТРЫН ТЭТГЭЛЭГТ ХӨТӨЛБӨР,Chinese Government Scholarship for Outstanding Young Leaders,Chinese Scholarship Council,China,master,,full,2024-04-15,2024 оны 4-р сарын 15-наас өмнө,yes,1,unclear,"БНХАУ-аас бусад улсын иргэн, 45 хүртэлх насны, бие бялдрын болон сэтгэцийн эрүүл байх шаардлагатай. Бакалавр болон түүнээс дээш зэрэгтэй, 3-аас доошгүй жил ажилласан туршлагатай байх ёстой. Мөн төрийн байгууллагын хэлтсийн дарга, хувийн байгууллагын менежер, их дээд сургуулийн захиргааны ажилтан эсвэл олон улсын байгууллагын ажилтан байх шаардлагатай.","Өргөдөл гаргагч нь БНХАУ-аас өөр улсын иргэншилтэй, 45-аас доош насны сэтгэцийн болон бие бялдрын хувьд эрүүл байх",http://studyinchina.csc.edu.cn/#/login,https://scholarship.esis.edu.mn/grant/news%20more.html?more=57,mn,2026-10-06T08:22:27+00:00,2026-10-07T06:51:03+00:00,gemma-4-26B-A4B-it-UD-Q4_K_M
374,"МОНГОЛ УЛСЫН БОЛОВСРОЛ, ШИНЖЛЭХ УХААНЫ ЯАМ, БҮГД НАЙРАМДАХ ФРАНЦ УЛСЫН ЭЛЧИН САЙДЫН ЯАМНЫ ХАМТАРСАН ТЭТГЭЛЭГТ ХӨТӨЛБӨР ЗАРЛАГДЛАА",France-Mongolia Joint Government Scholarship,Ministry of Education and Science of Mongolia and Embassy of France in Mongolia,France,master,,full,2024-05-03,2024 оны 5 дугаар сарын 3,yes,1,all,"Монгол улсын иргэн байх шаардлагатай. Франц дахь их дээд сургуульд бүртгүүлэх шаардлага хангасан, Монгол улсад хүлээн зөвшөөрөгдсөн бакалаврын зэрэгтэй байх ёстой. Мөн сонгосон хөтөлбөрт тавигдах франц эсвэл англи хэлний түвшний шаардлагыг хангасан байх шаардлагатай.",Монгол улсын иргэн байх;,https://scholarship.esis.edu.mn/grant/news%20more.html?more=59,https://scholarship.esis.edu.mn/grant/news%20more.html?more=59,mn,2026-10-06T08:22:35+00:00,2026-10-07T06:51:10+00:00,gemma-4-26B-A4B-it-UD-Q4_K_M
69,Vanier Canada Graduate Scholarships (Vanier CGS),Vanier Canada Graduate Scholarships,Canadian Government,Canada,phd,health research;natural sciences;engineering research;social sciences;humanities research,full,2024-10-30,before 30 October 2024 (annual),yes,1,unclear,"Докторын зэрэг эзэмшиж буй эсвэл эзэмших гэж буй Канадын иргэд, тууштай оршин суугчид болон гадаад иргэд нэр дэвшүүлэх боломжтой.","Canadian citizens, permanent residents of Canada and foreign citizens are eligible to be nominated for a Vanier CGS.",http://www.vanier.gc.ca/en/home-accueil.html,https://www.scholars4dev.com/6767/vanier-canada-scholarships-for-international-students/,en,2026-10-06T04:58:45+00:00,2026-10-07T06:33:04+00:00,gemma-4-26B-A4B-it-UD-Q4_K_M
371,Бүгд Найрамдах Чех Улс дахь зуны сургалтын тэтгэлэгт хөтөлбөр зарлагдлаа,Slavic Studies Summer Course Scholarship,"Ministry of Education, Youth and Sports of the Czech Republic",Czech Republic,,Slavic Studies;Czech language;Czech culture,full,2025-01-31,2025 ОНЫ 01 ДҮГЭЭР САРЫН 31-НИЙ ӨДРИЙГ ХҮРТЭЛ,yes,1,all,"Чех хэл, соёлыг сонирхон судалдаг оюутан, төгсөгч, багш, ажилтан байх; Монгол Улсын иргэн, 18-аас дээш настай байх; Чех хэлний А1 түвшний эсвэл англи хэлний В2 түвшний мэдлэгтэй байх.","Монгол Улсын иргэн, 18-аас дээш настай байх;",https://scholarship.esis.edu.mn/,https://scholarship.esis.edu.mn/grant/news%20more.html?more=69,mn,2026-10-06T08:22:23+00:00,2026-10-07T06:50:55+00:00,gemma-4-26B-A4B-it-UD-Q4_K_M
303,2025/2026学年中国政府奖学金（国别项目-进修生）申请开放,Chinese Government Scholarship (Country Program - Visiting Scholars),Chinese Government,China,short_course,,full,2025-02-02,2025年2月2日前完成网上报名,no,1,unclear,"Бурхандуулсан сургалтын хөтөлбөрт шаардлагатай шаардлага: Хятад улсаас бусад улсын иргэн байх, бие махбодь болон сэтгэл зүйн эрүүл байх. Ердийн суралцагч бол ахлах сургууль төгсөөд 45 хүртэлх насны, ахисан түвшний суралцагч бол магистрын зэрэгтэй эсвэл дэд профессор зэрэгтэй, 50 хүртэлх насны байх шаардлагатай. Хятад хэлээр суралцах бол HSK 3-ын түвшин шаардлагатай.",中国驻马来西亚大使馆即日起开始受理2025/2026学年中国政府奖学金国别项目申请。,http://www.campuschina.org,https://my.china-embassy.gov.cn/fwzc/whjykeyw/202410/t20241025_11515908.htm,zh,2026-10-06T06:05:05+00:00,2026-10-07T06:47:15+00:00,gemma-4-26B-A4B-it-UD-Q4_K_M
226,국제교류처,Chinese Government Scholarship,Chinese Government,China,bachelor;master;phd;short_course,,full,2025-02-12,2025. 2. 12.(목) 24:00까지 (한국 시간 기준),unclear,0,unclear,"Байгалийн зэргийн (бакалавр, магистр, докторант) болон богино хугацааны сургалтын хөтөлбөрт хамрагдах боломжтой. Нарийвчилсан шаардлагыг зааврын дагуу харна уу.",,https://www.campuschina.org,https://class.dongguk.ac.kr/HOME/iiae/sub.htm?mode=view&mv_data=aWR4PTUzOCZzdGFydFBhZ2U9ODAmbGlzdE5vPTE3MyZ0YWJsZT1leF9iYnNfZGF0YV9paWFlJm5hdl9jb2RlPWlpYTE1ODYxNzAwMDImY29kZT02T2RNTGVNSlpDUVUmc2VhcmNoX2l0ZW09JnNlYXJjaF9vcmRlcj0mb3JkZXJfbGlzdD0mbGlzdF9zY2FsZT0mdmlld19sZXZlbD0mdmlld19jYXRlPSZ2aWV3X2NhdGUyPQ%3D%3D,ko,2026-10-06T05:12:02+00:00,2026-10-07T06:42:18+00:00,gemma-4-26B-A4B-it-UD-Q4_K_M
77,Бүгд Найрамдах Турк Улсын Засгийн газрын 2025-2026 оны тэтгэлэгт хөтөлбөр зарлагдлаа,Türkiye Scholarships,Government of Türkiye,Türkiye,bachelor;master;phd,,full,2025-02-20,2025 оны 01 дүгээр сарын 10-наас 02 дугаар сарын 20-ны өдрийг хүртэл,yes,1,unclear,"Мэргэжлийн зэрэг, бакалавр, магистр, доктор зэрэгтэй суралцагчид хамрагдах боломжтой.",Published by Боловсролын яам гадаадад суралцах,https://tbbs.turkiyeburslari.gov.tr/,https://moe.gov.mn/post/163272,mn,2026-10-06T04:59:03+00:00,2026-10-07T06:33:24+00:00,gemma-4-26B-A4B-it-UD-Q4_K_M
246,关于2025/2026学年中国政府奖学金报名的通知,Chinese Government Scholarship,Chinese Government,China,bachelor;master;phd;language,oceanography;medicine;tourism;education,full,2025-02-23,2025年2月23日前,unclear,0,unclear,"Бурхан болзолтой горилогчид Хятадын иргэн бус байх ёстой бөгөөд эрүүл бие бялдар, оюуны чадвартай байх шаардлагатай. Бакалавр (25 хүртэл), магистр (35 хүртэл), докторанд (40 хүртэл), энгийн боловсролжуулагч (45 хүртэл), ахисан түвшний боловсролжуулагч (50 хүртэл) гэсэн насны хязгаартай.",非中国籍公民，身心健康；,http://www.csc.edu.cn/studyinchina,https://id.china-embassy.gov.cn/sgyw/202411/t20241106_11522151.htm,zh,2026-10-06T05:13:13+00:00,2026-10-07T06:43:28+00:00,gemma-4-26B-A4B-it-UD-Q4_K_M
21,Türkiye Bursları,YTB and IsDB Joint Scholarship Program,YTB and IsDB,Türkiye,master;phd;bachelor;short_course,Science and Technology,full,2025-03-20,10 March 2025 - 20 March 2025,unclear,1,unclear,"IsDB гишүүн орнуудын оюутан, судлаачдад зориулсан тэтгэлэг бөгөөд шинжлэх ухаан, технологийн чиглэлээр бакалавр, магистр, докторын зэрэг эзэмших боломжтой.",YTB and lsDB offer scholarships to students and scholars from lsDB member countries to pursue studies at the most prestigious universities of Türkiye.,https://www.turkiyeburslari.gov.tr/announcements/ytbisdb-joint-scholarship-program-2025-applications-116,https://www.turkiyeburslari.gov.tr/announcements/ytbisdb-joint-scholarship-program-2025-applications-116,en,2026-10-06T04:55:40+00:00,2026-10-07T06:30:44+00:00,gemma-4-26B-A4B-it-UD-Q4_K_M
132,"2025-2026 оны хичээлийн жилд Энэтхэг улсад бакалавр, магистр, докторын түвшинд суралцуулах тэтгэлэгт хөтөлбөр зарлагдлаа",ICCR Scholarship,Indian Council for Cultural Relations (ICCR),India,bachelor;master;phd,English;Science;Engineering/IT;Architecture;Humanities;Management;Fine Arts;Performing Arts,full,2025-04-25,2025 оны дөрөвдүгээр сарын 25,unclear,1,unclear,"Нас: 18-40 (Докторын хөтөлбөрт 50 хүртэл), Англи хэлний ахисан түвшний мэдлэгтэй, академик дүнгийн голчоор үнэлнэ.","Энэтхэгийн Засгийн газар болон Соёлын харилцааны зөвлөл (ICCR)-өөс 2025-2026 оны хичээлийн жилд тус улсын нэр хүндтэй их дээд сургуулиудад бакалавр, магистр, доктор, докторын түвшинд суралцуулах тэтгэлэгт хөтөлбөрийг зарлалаа.",http://a2ascholarships.iccr.gov.in,https://ikon.mn/n/3da8,mn,2026-10-06T05:04:46+00:00,2026-10-07T06:36:45+00:00,gemma-4-26B-A4B-it-UD-Q4_K_M
146,Фулбрайтын оюутны 2026-2027 оны тэтгэлэгт хөтөлбөр зарлагдлаа,Fulbright Student Program,U.S. Department of State,United States,master,,full,2025-04-28,2025 оны 04 дүгээр сарын 28-ны 08:00 цаг /Улаанбаатарын цагаар/,yes,1,all,"Монгол Улсын иргэн байх, Монгол Улсад оршин сууж байх, 1.5 болон түүнээс дээш жилийн ажлын туршлагатай, дээд боловсролтой (бакалавр эсвэл дүйх зэрэг), англи хэлний мэдлэгтэй байх шаардлагатай. АНУ-ын ногоон карт эзэмшигчид өргөдөл гаргах эрхгүй.",Монгол Улсын иргэн бөгөөд Монгол Улсад оршин сууж байх,https://www.yolo.mn/news/10224,https://www.yolo.mn/news/10224,mn,2026-10-06T05:05:49+00:00,2026-10-07T06:37:35+00:00,gemma-4-26B-A4B-it-UD-Q4_K_M
143,Фулбрайтын оюутны 2026-2027 оны тэтгэлэгт хөтөлбөр зарлагдлаа,Fulbright Student Program,U.S. Department of State,United States,,,full,2025-04-28,2025 оны 04 дүгээр сарын 28-ны 08:00 цаг /Улаанбаатарын цагаар/,yes,1,unclear,Монгол Улсын Засгийн газар болон АНУ-ын Төрийн департаментын санхүүжилттэй Фулбрайтын оюутны тэтгэлэгт хөтөлбөр.,"Монгол Улсын Засгийн газар, АНУ-ын Төрийн департаментын санхүүжилттэй хэрэгждэг Фулбрайтын оюутны 2026-2027 оны тэтгэлэгт хөтөлбөр зарлагдлаа.",https://moe.gov.mn/post/163715,https://moe.gov.mn/post/163715,mn,2026-10-06T05:05:37+00:00,2026-10-07T06:37:23+00:00,gemma-4-26B-A4B-it-UD-Q4_K_M
144,2025-2026 оны Фулбрайтын гадаад оюутны хөтөлбөрийн өргөдлийг дөрөвдүгээр сарын 29-н хүртэл авна,Fulbright Foreign Student Program,U.S. Department of State and Government of Mongolia,United States,master,,full,2025-04-29,дөрөвдүгээр сарын 29-н хүртэл,yes,1,unclear,Залуу мэргэжилтнүүдэд зориулсан АНУ-д магистрын зэрэг эзэмших бүрэн тэтгэлэгт хөтөлбөр.,"АНУ-ын Төрийн департамент, Монгол Улсын Засгийн газрын хамтарсан 2025-2026 оны Фулбрайтын гадаад оюутны хөтөлбөрийн өргөдөл хүлээн авч эхэлжээ.",https://ikon.mn/n/331e,https://ikon.mn/n/331e,mn,2026-10-06T05:05:37+00:00,2026-10-07T06:37:24+00:00,gemma-4-26B-A4B-it-UD-Q4_K_M
250,Australia Awards Scholarships in Mongolia,Australia Awards Scholarships,Australian Government,Australia,master,"Agriculture, Environment and Related Studies;Architecture and Building;Creative Arts;Education;Engineering and Related Technologies;Food, Hospitality and Personal Services;Health;Information Technology",full,2025-04-30,30 April 2025 (11:59PM AEST),yes,1,list,"Монгол улсын иргэд Австралийн их дээд сургуульд магистрын зэрэг хамгаалахаар хүсэлт гаргах боломжтой. Өргөдөл гаргагч нь бакалаврын зэрэгтэй, GPA 3.0-аас дээш, IELTS 6.0 (band 5.5-аас багагүй) эсвэл түүнтэй дүйцэхүйц TOEFL оноотой байх шаардлагатай. Мөн хөгжлийн бэрхшээлтэй бус тохиолдолд 2025 оны 2-р сарын 1-ний өмнө Монголд тасралтгүй 2 жил ажилласан туршлагатай байх ёстой.",Australia Awards scholarships provide citizens of Mongolia with the opportunity to obtain a qualification at an Australian tertiary institution.,https://www.australiaawardsmongolia.org/wp-content/uploads/2026/01/Mongolia-Country-Profile-Intake-2026-ENGLISH.pdf,https://www.australiaawardsmongolia.org/wp-content/uploads/2026/01/Mongolia-Country-Profile-Intake-2026-ENGLISH.pdf,en,2026-10-06T06:01:23+00:00,2026-10-07T06:43:46+00:00,gemma-4-26B-A4B-it-UD-Q4_K_M
196,【公募情報】2026年度日本人対象フルブライト奨学金の募集について（申請期限：5月1日）,Fulbright Scholarship,Fulbright Japan,United States,postdoc;research;master;phd,Humanities;Social Sciences;Natural Sciences;Applied Sciences,full,2025-05-01,5月1日 23:59,no,1,unclear,"Зөвхөн Японы иргэд (япончууд) горилогчоор оролцох боломжтой. Хүмүүнлэг, нийгмийн болон байгалийн шинжлэх ухааны чиглэлээр судалгаа хийх сонирхолтой байх шаардлагатай.",2026年度日本人対象フルブライト奨学金の募集について,https://www.fulbright.jp/contact.html,https://www.med.nagoya-u.ac.jp/medical_J/news/degree/202651.html,ja,2026-10-06T05:10:13+00:00,2026-10-07T06:40:41+00:00,gemma-4-26B-A4B-it-UD-Q4_K_M
149,стипендиальную программу Правительства Монголии,Government of Mongolia Scholarship Programme,Government of Mongolia,Mongolia,bachelor;master;phd,,full,2025-06-20,"20 июня 2025 года, 16:00 по московскому времени",yes,1,list,Ороон захиргааны шаардлага: Орос улсын иргэнч байх шаардлагатай. Орос улсын дээд боловсролын байгууллага эсвэл эрдэм шинжилгээний байгууллагад суралцагч (очно) эсвэл ажилтан байх шаардлагатай. GPA 4.0-аас багагүй байх ёстой.,"кандидатов, которые должны представить документ или монгольской организацией, обладающей правами на выдачу подобного типа документа, и заверенный ее печатью. 9. Анкета кандидата Заполняется на английском языке в",https://mobility.ined.ru/academicmobility/programs,https://studyabroad.hse.ru/mirror/pubs/share/1058210514,ru,2026-10-06T05:06:00+00:00,2026-10-07T06:37:43+00:00,gemma-4-26B-A4B-it-UD-Q4_K_M
312,Internationale Nachwuchsförderung,Konrad-Adenauer-Stiftung International Scholarship Programme,Konrad-Adenauer-Stiftung,Germany,bachelor;master;postdoc;phd,,full,2025-07-15,Die Bewerbungsfrist für das Auswahlverfahren im Inland endet jedes Jahr am 15. Juli um 12.00 Uhr.,yes,1,unclear,"ЕХЛБ: Европы бус бус орнуудаас (Non-EU) гаралтай, Германы их дээд сургуульд бакалавр (2-р семестрээс), магистр, магистрын дараах болон докторын зэрэг эсвэл докторын судалгааны ажил хийх хүсэлтэй, сайн сурлагын амжилттай, нийгмийн үйл ажиллагаанд идэвхтэй оролцдог залуучууд.","Das Stipendium der Internationalen Nachwuchsförderung richtet sich in erster Linie an internationale Studierende und Promovierende aus Nicht-EU-Länder, die ein Bachelor-, Master oder Aufbaustudium oder eine Promotion an einer deutschen Hochschule aufnehmen möchten.",https://www.kas.de/de/web/begabtenfoerderung-und-kultur/internationale-nachwuchsfoerderung,https://www.kas.de/de/web/begabtenfoerderung-und-kultur/internationale-nachwuchsfoerderung,de,2026-10-06T06:05:48+00:00,2026-10-07T06:47:56+00:00,gemma-4-26B-A4B-it-UD-Q4_K_M
289,2026-2027学年北京来华留学生政府奖学金申请通知,Beijing Government Scholarship for International Students,Beijing Municipal Government,China,bachelor;master;phd;language,,full,2025-09-19,9月19日前,yes,1,unclear,"Гадаадын паспортаар эзэмшигч, Хятад улсаас бус эх орны иргэд (Хятад улсын иргэн биш) зориулсан. Тухайн оюутан нь эрүүл бие бялдар сайтай, ёс зүйтэй, Хятад улсад ээлтэй байх шаардлагатай. Хэрэв бэлтгэл сургалтын оюутан бол 24 хүртэлх нас, бакалавр 25 хүртэлх нас, магистр 35 хүртэлх нас, докторанд 40 хүртэлх нас байх ёстой. Мөн тодорхой хэлний түвшин (HSK) болон академик амжилт шаардлагатай.",持外国护照的非中国籍公民。,https://isc.ustb.edu.cn/tz/f83bfed7446a4e2986bef5cfbf302066.htm,https://isc.ustb.edu.cn/tz/f83bfed7446a4e2986bef5cfbf302066.htm,zh,2026-10-06T06:04:23+00:00,2026-10-07T06:46:27+00:00,gemma-4-26B-A4B-it-UD-Q4_K_M
215,2026년 대한민국 정부초청 외국인 학부 장학생(GKS-U) 선발 안내,Global Korea Scholarship - Undergraduate (GKS-U),National Institute for International Education (NIIED),South Korea,bachelor,,full,2025-09-30,2025. 9. 15.(월) 5:00 ∼ 9. 30.(화) 12:00(우크리아나 키이우 기준),no,1,unclear,"Украин улсын иргэд зориулсан бөгөөд өмчлөгч нь БНСУ-ын иргэн биш байх ёстой. Өргөдөл гаргагч нь 25 хүртэлх насны, ахлах болох эсвэл мэргэжлийн боловсрол эзэмшсэн, дүн нь 80%-иас дээш эсвэл CGPA-ийн шаардлага хангасан байх шаардлагатай.",주우크라이나대한민국대사관(우크라이나한국교육원)은 우크라이나 학생에게 한국의 고등교육기관에서 수학할 기회를 부여함으로써 국제교육교류를 촉진하고 국가 간 우호증진을 도모하고자 2026년 대한민국 정부초청 외국인 학부 장학생을 아래와 같이 선발합니다.,https://www.studyinkorea.go.kr,https://www.uakoreaedu.org/kr/notification/2026-GKS-U-Selection,ko,2026-10-06T05:11:32+00:00,2026-10-07T06:41:49+00:00,gemma-4-26B-A4B-it-UD-Q4_K_M
205,"2026년 정부초청 외국인 학부 장학생(GKS, Global Korea Scholarship) 모집",Global Korea Scholarship,National Institute for International Education (NIIED),South Korea,bachelor,,full,2025-09-30,9.15.(월) 11:00 ∼ 9.30.(화) 18:00,unclear,1,unclear,БНБ-ийн (NIIED) зохион байгуулдаг 2026 оны Глобал Солонгос Тэтгэлэг (GKS) бакалаврын түвшний тэтгэлэгт гадаад оюутнууд хамрагдах боломжтой.,"대한민국 정부 교육부 산하 국립국제교육원(NIIED)에서 시행하는 2026년 정부초청 외국인 학부 장학생(GKS, Global Korea Scholarship) 모집을 아래와 같이 안내하오니 관심 있는 분들의 많은 지원 바랍니다.",https://www.studyinkorea.go.kr/ko/notice/scholarshipsList.do?boardSort=scholarshipsList.do,https://www.mofa.go.kr/eg-ko/brd/m_11508/view.do?seq=1343892,ko,2026-10-06T05:10:53+00:00,2026-10-07T06:41:13+00:00,gemma-4-26B-A4B-it-UD-Q4_K_M
67,Benjamin A. Gilman International Scholarship for US Citizens to Study Abroad 2026-2027,Benjamin A. Gilman International Scholarship,U.S. Department of State,United States,bachelor,Study abroad and internships programs,full,2025-10-03,3 Oct 2025,no,1,unclear,"Америкын Холбогтын иргэн, санхүүгийн хүндрэлтэй, холбооны Pell Grant хүртэж буй, АНУ-ын магадлан итгэмжлэгдсэн дээд боловсролын байгууллагад суралцаж буй бакалаврын оюутан байх шаардлагатай.",A citizen of the United States;,https://www.gilmanscholarship.org/,https://www.scholars4dev.com/26028/benjamin-a-gilman-international-scholarship/,en,2026-10-06T04:58:36+00:00,2026-10-07T06:32:56+00:00,gemma-4-26B-A4B-it-UD-Q4_K_M
175,2026年度海外留学支援制度（大学院学位取得型）,JASSO Overseas Study Support Program (Graduate School Degree Program),JASSO,Japan,master;phd,,stipend_only,2025-10-09,2025年10月9日（木曜日）13時（日本時間）締切,unclear,1,unclear,"Гадаад улсад суралцаж, магистр эсвэл докторын зэрэг авах зорилготой, Японы их дээд сургуульд суралцаж буй эсвэл төгссөн оюутнууд (япон сургуулиар дамжуулан эсвэл хувь хүнээр) горил олгох боломжтой.",応募は原則、日本国内の大学（在籍又は卒業大学）を通じて行います（「大学取りまとめ応募」）。,https://www.jasso.go.jp/ryugaku/scholarship_a/daigakuin/2026.html,https://www.jasso.go.jp/ryugaku/scholarship_a/daigakuin/2026.html,ja,2026-10-06T05:08:57+00:00,2026-10-07T06:39:27+00:00,gemma-4-26B-A4B-it-UD-Q4_K_M
165,笹川科学研究助成,Sasakawa Scientific Research Grant,Nippon Foundation,Japan,research,Humanities;Social Sciences;Natural Sciences,partial,2025-10-15,2025年10月15日（水）17:00,yes,1,list,"2026 оны 4-р сарын 1-ний байдлаар Японд оршин суугаа, 35 хүртэлх насны хүн байх ёстой. Хүнзний болон нийгмийн шинжлэх ухаан, мөн байгалийн шинжлэх ухааны (анагаах ухаан хамаарахгүй) судалгааны чиглэлээр суралцаж буй бол зогсох боломжтой.",| ◆地域・人数／日本以外の国籍を有し、以下の国・地域から修学または研究のために留学ビザで来日している私費留学生。（中国、韓国、モンゴル、台湾、カンボジア、インドネシア、ラオス、マレーシア、ミャンマー、フィリピン、シンガポール、タイ、ベトナム）。15名程度 ◆支給期間／2022年4月1日より、その者が在籍している課程の標準年限までの最長2年間。,https://www.jss.or.jp/ikusei/sasakawa/,https://ifsa.jp/index.php?shogakukin1,ja,2026-10-06T05:08:10+00:00,2026-10-07T06:38:50+00:00,gemma-4-26B-A4B-it-UD-Q4_K_M
220,(2027년) GKS 한국 정부 초청 장학생 모집 요강 발표 - 전년 대비 변경 사항 요약｜sei,Global Korea Scholarship,Korean Government,South Korea,research;master;bachelor;phd;short_course,,full,2025-10-21,10월 21일(수)까지,no,1,unclear,25세 미만(학사/전문학사) 또는 40세 미만(석사/박사)의 일본 국적자를 대상으로 합니다. 한국 고등학교 또는 대학 졸업자는 제외됩니다.,"지원 가능한 연령은 학사·전문학사의 경우 25세 미만(2002년 3월 1일 이후 출생), 석사·박사의 경우 40세 미만(1987년 3월 1일 이후 출생)이며, 일본 국적자가 대상입니다.",https://note.com/zzmfla/n/ndaa7eef383bb?hl=ko,https://note.com/zzmfla/n/ndaa7eef383bb?hl=ko,ko,2026-10-06T05:11:50+00:00,2026-10-07T06:42:04+00:00,gemma-4-26B-A4B-it-UD-Q4_K_M
217,"2026년 정부초청 외국인 학부과정 장학생 모집, 71개 초청국 대상 280명 선발",Global Korea Scholarship,Ministry of Education and National Institute for International Education (NIIED),South Korea,bachelor,,full,2025-10-31,10월 31일까지,yes,1,all,"Өөртөө болон эцэг эх нь хоёулаа гадаад улсын иргэн байх, бакалаврын зэрэг аваагүй, 2026 оны 3-р сарын 1-ний байдлаар 25 хүртэлх насны ахлах сургууль төгсөгч эсвэл төгсөх болсон оюутан байх шаардлагатай.","이번에 모집하는 학부과정에 지원하기 위해서는 본인과 부모가 모두 외국 국적을 소지한 고등학교 졸업(예정)자로서, 학사 학위 이상 소지자는 지원할 수 없으며, 2026년 3월 1일 기준으로 만 25세 미만이어야 한다.",https://www.studyinkorea.go.kr,https://m.blog.naver.com/moeblog/223994691079,ko,2026-10-06T05:11:40+00:00,2026-10-07T06:41:57+00:00,gemma-4-26B-A4B-it-UD-Q4_K_M
65,Pierre Elliott Trudeau Foundation Doctoral Scholarships,Pierre Elliott Trudeau Foundation Doctoral Scholarships,Pierre Elliott Trudeau Foundation,Canada,phd,Humanities;Social sciences;Human rights and dignity;Responsible citizenship;Canada in the world;People and their natural environment,full,2025-11-17,17 Nov 2025,yes,1,unclear,Канад улсын оюутан (Канада дахь эсвэл олон улсын их сургуульд суралцаж буй) эсвэл Канада дахь их сургуульд суралцаж буй олон улсын оюутан.,"You are a Canadian student studying at a Canadian university, a Canadian student studying at an international university, or an international student studying at a Canadian university",http://www.trudeaufoundation.ca/en/programs/doctoral-scholarships,https://www.scholars4dev.com/18811/pierre-elliott-trudeau-foundation-doctoral-scholarships/,en,2026-10-06T04:58:29+00:00,2026-10-07T06:32:51+00:00,gemma-4-26B-A4B-it-UD-Q4_K_M
66,University of Calgary International Entrance Scholarship,University of Calgary International Entrance Scholarship,University of Calgary,Canada,bachelor,,partial,2025-12-01,1 Dec 2025,yes,1,unclear,"Олон улсын оюутан байх шаардлагатай бөгөөд Канадын иргэн эсвэл туслах оршин суугч биш байх ёстой. Мөн бакалаврын зэрэгт элсэх, англи хэлний мэдлэгийн шаардлага хангасан байх шаардлагатай.",International students who are not Canadian citizens or permanent residents of Canada.,https://www.ucalgary.ca/registrar/awards/university-calgary-international-entrance-scholarship,https://www.scholars4dev.com/25834/university-of-calgary-international-entrance-scholarship/,en,2026-10-06T04:58:30+00:00,2026-10-07T06:32:51+00:00,gemma-4-26B-A4B-it-UD-Q4_K_M
133,“Улс төрийн мэдээлэл харилцаа”-ны магистрын тэтгэлэгт хөтөлбөр 2026,Political Communication Master's Scholarship,Konrad-Adenauer-Stiftung (KAS),Mongolia,master,Political Communication;Journalism,full,2025-12-22,2025 оны 12 сарын 22-ны өдрийн 23:59 цаг,unclear,0,unclear,"Сэтгүүл зүйн бакалавр эзэмшсэн, голч дүн нь 3.0 ба түүнээс дээш, Монгол хэлний өндөр мэдлэгтэй, нийгмийн идэвхтэй оролцоотой горилогч.",,https://www.yolo.mn/news/11661,https://www.yolo.mn/news/11661,mn,2026-10-06T05:04:46+00:00,2026-10-07T06:36:45+00:00,gemma-4-26B-A4B-it-UD-Q4_K_M
298,中国政府奖学金B类,Chinese Government Scholarship (Type B),China Scholarship Council,China,master;phd,,full,2025-12-31,即日起至2025年12月31日,yes,1,unclear,Дэлхийн өнцөг булан бүрээс бүрэн цагийн магистр болон докторын түвшний оюутнуудыг урьж байна. Тухайн оюутан Жежян их сургуулийн олон улсын магистр/доктор оюутны элсэлтийн шаардлагыг хангасан байх ёстой.,受中国教育部委托，浙江大学面向全球招收全日制研究生。,https://iczu.zju.edu.cn/admissions/2022/0530/c68877a2589170/page.htm,https://iczu.zju.edu.cn/admissions/2022/0530/c68877a2589170/page.htm,zh,2026-10-06T06:04:50+00:00,2026-10-07T06:46:59+00:00,gemma-4-26B-A4B-it-UD-Q4_K_M
111,The CLIFF-GRADS Fellowship Programme 2026,CLIFF-GRADS Fellowship Programme,"Global Research Alliance on Agricultural Greenhouse Gases (GRA), Global Methane Hub, and CGIAR Climate Action Program",,phd,agriculture greenhouse gas emissions quantification;mitigation;measurement;modelling;carbon storage,stipend_only,2026-01-11,11 January 2026,yes,1,unclear,Хөгжиж буй орнуудын иргэд байх ёстой бөгөөд хөгжиж буй орны их сургуульд PhD суралцаж буй байх шаардлагатай. Өмнө нь CLIFF-GRADS тэтгэлэг авч байгаагүй байх ёстой.,"Individuals applying for the Programme must be citizens of developing countries , be undertaking 1 their PhD in a University based in a developing country and must not have previously been awarded a CLIFF-GRADS grant.",https://www.opportunitiesforafricans.com/the-cliff-grads-fellowship-programme-2026/,https://www.opportunitiesforafricans.com/the-cliff-grads-fellowship-programme-2026/,en,2026-10-06T05:03:50+00:00,2026-10-07T06:35:23+00:00,gemma-4-26B-A4B-it-UD-Q4_K_M
369,УНГАР УЛСЫН ЗАСГИЙН ГАЗРЫН 2026-2027 ОНЫ ХИЧЭЭЛИЙН ЖИЛИЙН ТЭТГЭЛЭГТ ХӨТӨЛБӨР ЗАРЛАГДЛАА,Stipendium Hungaricum Scholarship Programme,Hungarian Government,Hungary,bachelor;master;phd;postdoc,,full,2026-01-15,2026 оны 01 дүгээр сарын 15-ны өдрийг хүртэл,yes,1,all,"Монгол Улсын иргэд бакалавр, магистр, доктор болон ахисан түвшний дараах мэргэшлийн сургалтад суралцах эрхтэй.","Унгарын тал суралцах хүсэлт гаргасан Монгол Улсын иргэний анкет, баримт бичгийг хянан шалгасны дараа Боловсролын яаманд ирүүлдэг.",https://stipendiumhungaricum.hu/,https://scholarship.esis.edu.mn/grant/news%20more.html?more=82,mn,2026-10-06T08:22:12+00:00,2026-10-07T06:50:44+00:00,gemma-4-26B-A4B-it-UD-Q4_K_M
271,УНГАР УЛСЫН ЗАСГИЙН ГАЗРЫН 2026-2027 ОНЫ ХИЧЭЭЛИЙН ЖИЛИЙН ТЭТГЭЛЭГТ ХӨТӨЛБӨР ЗАРЛАГДЛАА,Stipendium Hungaricum Scholarship Programme,Hungarian Government,Hungary,bachelor;master;phd;postdoc,,full,2026-01-15,2026 оны 01 дүгээр сарын 15-ны өдрийг хүртэл,yes,1,all,"Монгол Улсын иргэд бакалавр, магистр, доктор болон ахисан түвшний дараах мэргэшлийн сургалтад суралцах эрхтэй.","Унгарын тал суралцах хүсэлт гаргасан Монгол Улсын иргэний анкет, баримт бичгийг хянан шалгасны дараа Боловсролын яаманд ирүүлдэг.",https://stipendiumhungaricum.hu/,https://moe.gov.mn/post/169513,mn,2026-10-06T06:03:07+00:00,2026-10-07T06:45:03+00:00,gemma-4-26B-A4B-it-UD-Q4_K_M
137,Унгарын Засгийн газрын 2026-2027 оны тэтгэлэгт хөтөлбөрөө зарлалаа,Stipendium Hungaricum,Hungarian Government,Hungary,bachelor;master;phd;postdoc,,full,2026-01-15,2026 оны 01 дүгээр сарын 15-ны өдрийг хүртэл,yes,1,list,"Монгол Улсын иргэд бакалавр, магистр, доктор болон ахисан түвшний дараах мэргэшлийн сургалтад суралцах эрхтэй.","Унгарын тал суралцах хүсэлт гаргасан Монгол Улсын иргэний анкет, баримт бичгийг хянан шалгасны дараа Боловсролын яаманд ирүүлдэг.",https://stipendiumhungaricum.hu/,https://time.mn/n/126465,mn,2026-10-06T05:05:07+00:00,2026-10-07T06:36:58+00:00,gemma-4-26B-A4B-it-UD-Q4_K_M
53,American University Emerging Global Leader Scholarship 2026-2027,American University Emerging Global Leader Scholarship,American University,United States,bachelor,,full,2026-01-15,15 Jan 2026,yes,1,unclear,"Олон улсын оюутан байх шаардлагатай бөгөөд АНУ-ын иргэн, АНУ-ын байнгын оршин суугч эсвэл АНУ болон өөр улсын хоёр улсын иргэн биш байх ёстой. Мөн ахлах сургуулиа 2026 оны 6 дугаар сар гэх мэтээр төгсөх ёстой.","The scholarships are targeted to international students from any country who are not U.S. citizens, U.S. permanent residents, or dual citizens of the U.S. and another country.",http://www.american.edu/admissions/international/egls.cfm,https://www.scholars4dev.com/7085/american-university-scholarships-for-international-students/,en,2026-10-06T04:57:46+00:00,2026-10-07T06:32:11+00:00,gemma-4-26B-A4B-it-UD-Q4_K_M
23,Application is On for the 2026/2027 Stipendium Hungaricum Scholarship! - Stipendium Hungaricum,Stipendium Hungaricum Scholarship,Stipendium Hungaricum,Hungary,,,full,2026-01-15,"15 January 2026, 2 p.m. (Central European Time)",unclear,0,unclear,"Олон улсын оюутнуудад зориулсан тэтгэлэг бөгөөд сургалтын төлбөр үнэгүй, сар бүр тэтгэмж, байрны нэмэгдэл, эрүүл мэндийн даатгал зэргийг багтаасан.",,https://stipendiumhungaricum.hu/news/application-is-on-for-the-2026-2027-stipendium-hungaricum-scholarship/,https://stipendiumhungaricum.hu/news/application-is-on-for-the-2026-2027-stipendium-hungaricum-scholarship/,en,2026-10-06T04:55:49+00:00,2026-10-07T06:30:49+00:00,gemma-4-26B-A4B-it-UD-Q4_K_M
13,2026年度進学に伴う奨学金支給期間の延長及び特別延長を希望する国費外国人留学生（研究留学生等）の取扱いについて：文部科学省,MEXT Scholarship Extension,"Ministry of Education, Culture, Sports, Science and Technology (MEXT)",Japan,research,,stipend_only,2026-01-16,2026年1月8日（木曜日）～2026年1月16日（金曜日）必着,yes,1,unclear,Япон улсын санхүүжилттэй судалгааны оюутан болон үндэсний дээд боловсролын сургуулийн мэргэжлийн ангид суралцаж буй оюутнууд 2026 оны сургуулийн жил эхлэхэд сургуулиа ахиулах үед тэтгэлгийн хугацаагаа сунгах хүсэлт гаргах боломжтой.,2026年度進学に伴う奨学金支給期間の延長及び特別延長を希望する国費外国人留学生（研究留学生等）の取扱いについて,https://www.mext.go.jp/a_menu/koutou/ryugaku/boshu/1411503_00018.htm,https://www.mext.go.jp/a_menu/koutou/ryugaku/boshu/1411503_00018.htm,ja,2026-10-06T04:55:00+00:00,2026-10-07T06:30:19+00:00,gemma-4-26B-A4B-it-UD-Q4_K_M
243,联合国教科文组织/中华人民共和国共同赞助长城奖学金计划（2024-2025年）,UNESCO/China Great Wall Scholarship Programme,UNESCO and the Government of the People's Republic of China,China,postdoc;master;research,education,full,2026-01-23,"candidates should submit their applications to the National Commission of their home countries no later than Friday, 23 January 2026.",yes,1,all,"Хөгжиж буй орнуудаас (Африк, Ази, Ази-Номхон далай, Латин Америк, Европ болон Араб бүс) ирж буй оюутан, судлаач нар (бакалаврын түвшний бус, магистр болон ахисан түвшний судлаачид) горилогдоно. Тухайн улсын UNESCO-ийн үндэсний хороогоор дамжуулан нэр дэвшүүлсэн байх шаардлагатай.",奖学金向来自非洲、亚太、拉丁美洲、欧洲及阿拉伯地区的135个发展中国家候选人开放。,http://www.campuschina.org,https://www.unesco.org/zh/node/766,zh,2026-10-06T05:13:07+00:00,2026-10-07T06:43:21+00:00,gemma-4-26B-A4B-it-UD-Q4_K_M
64,York University International Student Scholarships 2026-2027,York University International Student Scholarships,York University,Canada,bachelor,"Arts, Media, Performance & Design;Environmental Studies;Education;Glendon;Health;Lassonde School of Engineering;Liberal Arts & Professional Studies;Science",full,2026-01-26,26 Jan 2026,yes,1,unclear,"Канад улсад суралцах суралцагчийн зөвшөөрөл (Study Permit) шаардлагатай олон улсын оюутны бакалаврын түвшний хөтөлбөрт элсэх горимд хамрагдсан байх ёстой. Мөн ахлах сургуулиа төгс Rottөөс хоёр жил хүрэхгүй хугацаанд шууд Йорк их сургуульд элсэх горимд хамрагдсан, өмнө нь их, дээд сургуульд суралцаагүй, академик амжилттай (A average) байх шаардлагатай.",Must be an international student who is required to have a Study Permit to study in Canada,http://futurestudents.yorku.ca/funding#intl,https://www.scholars4dev.com/3410/international-undergraduate-scholarships-at-york-university/,en,2026-10-06T04:58:27+00:00,2026-10-07T06:32:51+00:00,gemma-4-26B-A4B-it-UD-Q4_K_M
15,2026年度進学に伴う奨学金支給期間の延長を希望する国費外国人留学生（専修学校留学生）の取扱いについて,MEXT Scholarship Extension for Vocational School Students,"Ministry of Education, Culture, Sports, Science and Technology (MEXT)",Japan,postdoc;master;bachelor;short_course,,full,2026-01-26,2026年1月19日（月曜日）～2026年1月26日（月曜日）必着,yes,1,unclear,2026 оны хичвэл зохицуулах сургуулийн (vocational school) оюутан бөгөөд түвшин ахиж суралцах хүсэлтэй 국비 (MEXT) тэтгэлэгт оюутнууд.,貴校に在籍する「専修学校留学生」で、2026年度中の進学に伴い奨学金の支給期間延長を希望する者のうち適切な者がいる場合,https://www.mext.go.jp/a_menu/koutou/ryugaku/boshu/1411503_00020.htm,https://www.mext.go.jp/a_menu/koutou/ryugaku/boshu/1411503_00020.htm,ja,2026-10-06T04:55:07+00:00,2026-10-07T06:30:26+00:00,gemma-4-26B-A4B-it-UD-Q4_K_M
14,2026年度進学に伴う奨学金支給期間の延長を希望する国費外国人留学生（高等専門学校留学生）の取扱いについて：文部科学省,MEXT Scholarship Extension for College of Technology Students,"Ministry of Education, Culture, Sports, Science and Technology (MEXT)",Japan,postdoc;master;bachelor,,full,2026-01-26,2026年1月19日（月曜日）～2026年1月26日（月曜日）必着,yes,1,unclear,"2026 оны хичвэл дунд сургуулийн (KOSEN) оюутнууд, тэр дундаа тэтгэлгийн хугацаа нь 2026 оны 3 дугаар сарын 31-нд дуусах оюутнууд сургууль боловсролоо үргэлжлүүлэх зорилгоор тэтгэлгийн хугацаагаа сунгах хүсэлт гаргах боломжтой.",貴校に在籍する「高等専門学校留学生」で、2026年度中の進学に伴い奨学金の支給期間延長を希望する者のうち適切な者がいる場合,https://www.mext.go.jp/a_menu/koutou/ryugaku/boshu/1411503_00019.htm,https://www.mext.go.jp/a_menu/koutou/ryugaku/boshu/1411503_00019.htm,ja,2026-10-06T04:55:02+00:00,2026-10-07T06:30:24+00:00,gemma-4-26B-A4B-it-UD-Q4_K_M
195,2026年度派遣留学奨学生_2026年度 | 公益財団法人　業務スーパージャパンドリーム財団,Gyomu Super Japan Dream Foundation Scholarship,公益財団法人　業務スーパージャパンドリーム財団,Japan,bachelor,,stipend_only,2026-01-30,2026年1月30日（金）12:00,no,1,unclear,"Хүний хэл дээр: Бакалаврын 2-р курс болон түүнээс дээш ангийн оюутнууд. 6 сар буюу түүнээс дээш хугацаатай, хэлний сургалт ороогүй суралцах хөтөлбөр байх шаардлагатай.",学部2年次以上の学生が対象で、6ヶ月以上の語学研修を含まない留学プログラムが条件です。,https://gaxi.jp/article/YBy2Mmgj7kRxznVk,https://gaxi.jp/article/YBy2Mmgj7kRxznVk,ja,2026-10-06T05:10:11+00:00,2026-10-07T06:40:37+00:00,gemma-4-26B-A4B-it-UD-Q4_K_M
300,留学生招生,Chinese Government Scholarship,University of Chinese Academy of Sciences,China,master;phd,,full,2026-01-31,2026年1月31日（北京时间）,yes,1,unclear,"Гадаадын улсын иргэд, БНХАУ-ын бус эдлэгчид (китай улсын иргэн биш) энэхүү тэтгэлэгт хамрагдах боломжтой. Мастер болон докторын хөтөлбөрт хамрагдах горилогчид англи эсвэл хятад хэлний өндөр түвшинтэй, насны хязгаар (мастер: 35 хүртэл, доктор: 40 хүртэл) болон холбогдох эрдмийн зэрэгтэй байх шаардлагатай.",持外国护照的非中国籍公民，遵守中国法律法规及国科大规章制度；,https://admission.ucas.ac.cn/showarticle/Article/6dca61d2-4d40-4dc9-9484-e95d3f457b10/a48dd09d-695c-4582-addc-ab2e5c9c3f50,https://admission.ucas.ac.cn/showarticle/Article/6dca61d2-4d40-4dc9-9484-e95d3f457b10/a48dd09d-695c-4582-addc-ab2e5c9c3f50,zh,2026-10-06T06:04:58+00:00,2026-10-07T06:47:08+00:00,gemma-4-26B-A4B-it-UD-Q4_K_M
307,2026/2027学年中国政府奖学金招生公告,Chinese Government Scholarship,Chinese Government,China,bachelor;master;phd;language,,full,2026-02-01,2025年11月10日至2026年2月1日,yes,1,all,"Монгол Улсын иргэд эрүүл бие бялдар, сэтгэл санааны хувьд эрүүл байх шаардлагатай. Тухайн зэрэг дээр үндэслэн насны болон хэлний шаардлагатай (бакалавр: 25 хүртэл, магистр: 35 хүртэл, докторанд: 40 хүртэл, энгийн дадлагажигч: 45 хүртэл, ахисан түвшний дадлагажигч: 50 хүртэл). Бакалаврын түвшинд CSCA тест өгөх шаардлагатай.",申请人为蒙古国公民，身心健康；,http://www.campuschina.org,https://mn.china-embassy.gov.cn/chn/zytz/202511/t20251113_11752781.htm,zh,2026-10-06T06:05:23+00:00,2026-10-07T06:47:31+00:00,gemma-4-26B-A4B-it-UD-Q4_K_M
134,БНХАУ-ЫН ЗАСГИЙН ГАЗРЫН 2026-2027 ОНЫ ТЭТГЭЛЭГТ ХӨТӨЛБӨР ЗАРЛАГДЛАА,Chinese Government Scholarship,Government of the People's Republic of China,China,bachelor;master;phd;short_course;research,,full,2026-02-01,2026 оны 02 дугаар сарын 01-ний өдөр хүртэл,yes,1,all,"Монгол Улсын иргэн байх шаардлагатай. Бакалаврын түвшинд 25 хүртэлх насны, магистрт 35 хүртэлх насны, докторын түвшинд 40 хүртэлх насны, богино хугацааны сургалт, судалгааны хөтөлбөрт хамрагдагч нь 45-50 хүртэлх насны байх шаардлагатай. Хятад хэл дээр суралцах тохиолдолд HSK шалгалтын түвшин шаардлагатай.",БНХАУ-ын Засгийн газраас 2026-2027 оны хичээлийн жилд Монгол Улсын нийт 220 иргэнд тэтгэлэг олгоно.,http://www.campuschina.org,https://moe.gov.mn/post/169697,mn,2026-10-06T05:05:07+00:00,2026-10-07T06:36:52+00:00,gemma-4-26B-A4B-it-UD-Q4_K_M
110,The Zukunftskolleg Konnect Fellowships 2026,Zukunftskolleg Konnect Fellowships,"Zukunftskolleg, University of Konstanz",Germany,postdoc;phd,,stipend_only,2026-02-01,1 February 2026 (12:00 CET),unclear,0,unclear,"Латин Америк, Ази болон Африкын орнуудад төрсөн бөгөөд ажилладаг, докторын зэрэг хамгаалсан (2 жил хүрэхгүй) эсвэл докторын зэрэг хамгаалж буй төгсөх шатанд байгаа судлаач нар.","The Zukunftskolleg Konnect Fellowships support early career researchers from Africa, Asia and Latin America, who does research that fits to one of the thirteen departments at the University of Konstanz.",https://www.opportunitiesforafricans.com/the-zukunftskolleg-konnect-fellowships-2026/,https://www.opportunitiesforafricans.com/the-zukunftskolleg-konnect-fellowships-2026/,en,2026-10-06T05:03:50+00:00,2026-10-07T06:35:20+00:00,gemma-4-26B-A4B-it-UD-Q4_K_M
18,Announcement of Chinese Government Scholarship Admissions for the 2026/2027 Academic Year,Chinese Government Scholarship,Chinese Government,China,bachelor;master;phd;postdoc;language,,full,2026-02-01,"November 10, 2025 to February 1, 2026",yes,1,all,"Монгол улсын иргэн байх шаардлагатай. Бакалаврын хөтөлбөрт эрч хүчтэй сургууль төгсөөд 25 хүртэлх насны, магистрт бакалаврын зэрэгтэй 35 хүртэлх насны, докторын хөтөлбөрт магистрын зэрэгтэй 40 хүртэлх насны, бусад хөтөлбөрт боловсролын түвшнээс хамаарч насны хязгаартай байх шаардлагатай. Мөн эрүүл мэнд болон хэлний мэдлэг (HSK эсвэл англи хэл) шаардлагатай.","To be eligible, applicants must
- be a citizen of Mongolia, and be in good health both mentally and physically.",http://www.campuschina.org,https://mn.china-embassy.gov.cn/eng/zytz/202511/t20251113_11752783.htm,en,2026-10-06T04:55:23+00:00,2026-10-07T06:30:39+00:00,gemma-4-26B-A4B-it-UD-Q4_K_M
128,БНХАУ-ЫН ЗАСГИЙН ГАЗРЫН 2026-2027 ОНЫ ТЭТГЭЛЭГТ ХӨТӨЛБӨРИЙН БҮРТГЭЛИЙН ХУГАЦАА СУНГАГДЛАА,Chinese Government Scholarship,Government of the People's Republic of China,China,,,full,2026-02-04,2026 оны 02 дугаар сарын 04-ний өдөр хүртэл,unclear,0,unclear,БНХАУ-ын Засгийн газрын тэтгэлэгт хөтөлбөрт бүртгүүлэх боломжтой.,,https://moe.gov.mn/post/169697,https://moe.gov.mn/post/171623,mn,2026-10-06T05:04:30+00:00,2026-10-07T06:36:29+00:00,gemma-4-26B-A4B-it-UD-Q4_K_M
296,关于申请2026/2027学年“欧盟之窗”中国政府奖学金的通知,Window on Europe Chinese Government Scholarship,China Scholarship Council,China,bachelor;master;phd;language,science;engineering;agriculture;medicine;economics;law;management;humanities,full,2026-02-08,2026年2月8日,no,1,unclear,"Ерчээл бэлтгэсэн оюутан, багш, судлаач нар Европын Холбооны гишүүн орны иргэн байх ёстой. Дээд боловсролын зэрэг болон насны шаардлагатай.",该奖学金旨在支持欧盟成员国优秀学生、教师、学者赴中国高校攻读学位或进行进修与研究。,https://studyinchina.cscedu.cn,https://eu.china-mission.gov.cn/stxw/202511/t20251121_11757766.htm,zh,2026-10-06T06:04:45+00:00,2026-10-07T06:46:52+00:00,gemma-4-26B-A4B-it-UD-Q4_K_M
293,2026/2027学年中国政府奖学金现已在瑞典开放申请,Chinese Government Scholarship,Chinese Government,China,bachelor;master;phd;language,science;engineering;agriculture;medicine;economics;law;management;education,full,2026-02-08,2026年2月8日,unclear,0,unclear,"Хятадын иргэн бус, бие махбод болон сэтгэл санааны эрүүл байх шаардлагатай. Тухайн түвшинд тохирох насны болон боловсролын шаардлагыг хангасан байх ёстой (бакалавр: 25 хүртэл, магистр: 35 хүртэл, докторант: 40 хүртэл, нэмэлт сургалт: 45 хүртэл, ахисан түвшний сургалт: 50 хүртэл). Мөн хэлний мэдлэг болон тухайн сургуулийн элсэлтийн шаардлагыг хангасан байх ёстой.",非中国籍公民，身心健康；,http://www.campuschina.org,https://se.china-embassy.gov.cn/sgxw/202510/t20251024_11740314.htm,zh,2026-10-06T06:04:34+00:00,2026-10-07T06:46:45+00:00,gemma-4-26B-A4B-it-UD-Q4_K_M
288,关于2026/2027学年中国政府奖学金报名的通知,Chinese Government Scholarship,Chinese Embassy in Indonesia,China,bachelor;master;phd;language,oceanography;medicine and health;tourism;education,full,2026-02-08,2026年2月8日前,unclear,0,unclear,"Бүх шаардлага хангасан, Хятад улсаас бусад улсын иргэд (Индонезэд оршин суудаг) бакалавр, магистр, докторант болон хөтөлбөрт хамрагдах суралцагчид горилох боломжтой. Насны болон хэлний шаардлага тус бүр дээр хамаарна.",非中国籍公民，身心健康；,http://www.campuschina.org,https://medan.china-consulate.gov.cn/lsfw/zytz/202510/t20251027_11741717.htm,zh,2026-10-06T06:04:18+00:00,2026-10-07T06:46:21+00:00,gemma-4-26B-A4B-it-UD-Q4_K_M
267,2026/2027 Chinese Government Scholarship Application,Chinese Government Scholarship,Chinese Government,China,bachelor;master;phd,marine;medical;health;tourism;education,full,2026-02-08,"February 8, 2026",no,1,unclear,"Бөлжөөний хүсэлт гаргагч нь БНХАУ-ын иргэн биш байх ёстой бөгөөд эрүүл мэнд сайн байх шаардлагатай. Бакалаврын түвшинд 25 хүртэлх насны, магистрын түвшинд 35 хүртэлх насны, докторын түвшинд 40 хүртэлх насны байх шаардлагатай.","To be eligible, applicants must be a citizen of a country other than the People’s Republic of China, and be in good health both mentally and physically;",http://www.campuschina.org,https://id.china-embassy.gov.cn/eng/sgdt/202510/t20251027_11741674.htm,en,2026-10-06T06:02:41+00:00,2026-10-07T06:44:45+00:00,gemma-4-26B-A4B-it-UD-Q4_K_M
225,[중국] 2026-2027 중국 정부초청 장학생 선발 안내,Chinese Government Scholarship,Chinese Government,China,bachelor;master;phd;short_course,,full,2026-02-12,2026. 2. 12.(목) 24:00까지 (한국 시간 기준),unclear,0,unclear,"Бүрэн хөтөлбөрт хамрагдах горим болон богино хугацааны сургалтын хөтөлбөрүүд (бакалавр, магистр, докторын зэрэг). Нарийвчилсан шаардлагыг зааварчилгаагаас харна уу.",,https://www.campuschina.org,https://graduate.cau.ac.kr/cauoia/overseas/notice.do?mode=view&articleNo=48317&article.offset=20&articleLimit=10,ko,2026-10-06T05:12:00+00:00,2026-10-07T06:42:18+00:00,gemma-4-26B-A4B-it-UD-Q4_K_M
52,ICSP Scholarships at University of Oregon USA 2026-2027,International Cultural Service Program (ICSP) Scholarship,University of Oregon,United States,bachelor,,partial,2026-02-13,13 February 2026,yes,1,unclear,Орон нутгийн бус оюутнууд санхүүгийн хүндрэлтэй болон сурлагын өндөр амжилттай байх шаардлагатай. Орон нутгийн иргэн эсвэл АНУ-ын байнга оршин суугч байж болохгүй. Мөн сургуулийн элсэлтийн шаардлага болон 3.0 GPA-тай байх шаардлагатай.,"Applicants cannot be U.S. citizens, U.S. permanent residents, or eligible to receive U.S. federal financial assistance.",https://isss.uoregon.edu/icsp/application,https://www.scholars4dev.com/13921/icsp-tuition-scholarships-at-university-of-oregon-usa/,en,2026-10-06T04:57:45+00:00,2026-10-07T06:32:10+00:00,gemma-4-26B-A4B-it-UD-Q4_K_M
368,"БҮГД НАЙРАМДАХ ЧЕХ УЛСАД БОГИНО ХУГАЦААНД БАКАЛАВР, МАГИСТР, ДОКТОРЫН ТЭТГЭЛЭГТ ХӨТӨЛБӨРТ СУРАЛЦУУЛАХ СОНГОН ШАЛГАРУУЛАЛТ ЗАРЛАГДЛАА - 2026",Czech Government Scholarship,Government of the Czech Republic,Czech Republic,bachelor;master;phd,,full,2026-02-15,2026 ОНЫ 02 ДУГААР САРЫН 15-НЫ ӨДРИЙГ ХҮРТЭЛ,yes,1,all,"Бакалавр, магистр, докторын түвшинд суралцаж буй Монгол Улсын иргэд. Бакалаврын оюутнууд 3.0+ голч дүнтэй байх шаардлагатай. Магистр болон докторын түвшинд 3.0+ голч дүнтэй, 2-оос доошгүй жил ажилласан туршлагатай байх шаардлагатай.","Бакалавр: Монгол Улсын магадлан итгэмжлэгдсэн их, дээд сургуулийн 1, 2 дугаар ангид 3.0 ба түүнээс дээш голч дүнтэй суралцаж байгаа иргэн.",https://scholarship.esis.edu.mn/,https://scholarship.esis.edu.mn/grant/news%20more.html?more=85,mn,2026-10-06T08:22:12+00:00,2026-10-07T06:50:44+00:00,gemma-4-26B-A4B-it-UD-Q4_K_M
367,БҮГД НАЙРАМДАХ ЧЕХ УЛСЫН 2026 ОНЫ ДЭЭД БОЛОВСРОЛЫН БАЙГУУЛЛАГЫН БАГШ СОЛИЛЦООНЫ ТЭТГЭЛЭГТ ХӨТӨЛБӨР ЗАРЛАГДЛАА,Czech Republic Higher Education Teacher Exchange Programme 2026,"Ministry of Education, Youth and Sports of the Czech Republic",Czech Republic,postdoc;research,,full,2026-02-15,БҮРТГЭЛ 2026 ОНЫ 02 ДУГААР САРЫН 15-НЫ ӨДРИЙГ ХҮРТЭЛ ЦАХИМААР ЯВАГДАНА.,yes,1,unclear,Дээд боловсролын байгууллагад багшаар ажилладаг байх шаардлагатай бөгөөд англи хэлний B2 түвшний мэдлэгтэй байх ёстой.,"Боловсролын салбарт хамтран ажиллах тухай Монгол, Чех хоёр улсын Засгийн газрын хэлэлцээрийн хүрээнд Бүгд Найрамдах Чех Улсын их, дээд сургуульд багшийн чадавхыг нэмэгдүүлэх, туршлага солилцох зорилгоор 1 сарын хугацаатай багш, эрдэмтэн судлаачдын солилцооны хөтөлбөрийг зарлалаа.",https://scholarship.esis.edu.mn/,https://scholarship.esis.edu.mn/grant/news%20more.html?more=84,mn,2026-10-06T08:22:10+00:00,2026-10-07T06:50:44+00:00,gemma-4-26B-A4B-it-UD-Q4_K_M
366,БҮГД НАЙРАМДАХ ЧЕХ УЛСЫН 2026 ОНЫ ЗУНЫ СУРГАЛТЫН ТЭТГЭЛЭГТ ХӨТӨЛБӨР ЗАРЛАГДЛАА,Czech Republic Summer Slavic Studies Scholarship,"Ministry of Education, Youth and Sports of the Czech Republic",Czech Republic,,Slavic Studies;Czech language;Czech culture,full,2026-02-15,2026 ОНЫ 02 ДУГААР САРЫН 15-НЫ ӨДРИЙГ ХҮРТЭЛ,yes,1,all,"Чех хэл, соёлыг сонирхон судалдаг оюутан, төгсөгч, багш, ажилтан байх; Монгол Улсын иргэн, 18-аас дээш настай байх; Англи хэлний В1 түвшний мэдлэгтэй байх.","Монгол Улсын иргэн, 18-аас дээш настай байх;",https://scholarship.esis.edu.mn/,https://scholarship.esis.edu.mn/grant/news%20more.html?more=83,mn,2026-10-06T08:22:06+00:00,2026-10-07T06:50:33+00:00,gemma-4-26B-A4B-it-UD-Q4_K_M
295,厦门大学2026年“中国政府奖学金-高校自主招生项目”申请办法,Chinese Government Scholarship - University Program,Xiamen University,China,bachelor;master;phd,,full,2026-02-15,2025年12月1日-2026年2月15日,unclear,1,unclear,"Баклавр, магистр болон докторын зэрэг эзэмшихийг хүсэж буй горилогчид дараах шаардлагыг хангасан байх ёстой: бакалаврын түвшинд ахлах сургууль төгссөн байх (25 хүртэлх нас), магистрын түвшинд бакалаврын зэрэгтэй байх (35 хүртэлх нас), докторын түвшинд магистрын зэрэгтэй байх (40 хүртэлх нас). Мөн тухайн жилийн элсэлтийн удирдамжийн шаардлагыг хангасан байх шаардлагатай.",符合所申请项目的招生简章上规定的所有条件；,http://application.xmu.edu.cn,https://admissions.xmu.edu.cn/cn/info/1063/9013.htm,zh,2026-10-06T06:04:41+00:00,2026-10-07T06:46:45+00:00,gemma-4-26B-A4B-it-UD-Q4_K_M
281,中山大学2026年中国政府奖学金“高水平研究生”项目申请指引,Chinese Government Scholarship High-Level Graduate Program,China Scholarship Council (CSC),China,master;phd,,full,2026-02-15,2026年2月15日,yes,1,unclear,"Бр программ нь Хятадын бус иргэд, хүчинтэй гадаад паспорттай, бие махбод болон сэтгэцийн эрүүл мэнд сайн, дараах шаардлагыг хангасан оюутнуудад зориулагдсан: Мастерын хөтөлбөрт 35 хүртэлх насны, бакалаврын зэрэгтэй; Докторын хөтөлбөрт 40 хүртэлх насны, магистрын зэрэгтэй.",面向全球招收该奖学金项目的国际研究生（硕士、博士）。,http://apply.sysu.edu.cn,https://iso.sysu.edu.cn/cn/jxjxm/1420658.htm,zh,2026-10-06T06:04:00+00:00,2026-10-07T06:45:57+00:00,gemma-4-26B-A4B-it-UD-Q4_K_M
332,Türkiye Bursları,Türkiye Scholarships,Yurtdışı Türkler ve Akraba Topluluklar Başkanlığı (YTB),Türkiye,short_course;bachelor;master;phd;research,health sciences;engineering;humanities;social sciences,full,2026-02-20,10 Ocak-20 Şubat,yes,1,all,"Бүх улсын иргэд (Турк улсын иргэд болон Турк улсын иргэн байсан хүмүүс хамаарахгүй), төгсөгчид эсвэл одоогийн сургуулиа төгсөх гэж буй оюутнууд, судлаачид болон академичдыг хамруулсан. Тухайн түвшинд Турк улсын их сургуульд суралцаж буй хүмүүс хамаарахгүй.",Tüm ülkelerin vatandaşları,https://ytb.gov.tr/daireler/uluslararasi-ogrenciler,https://ytb.gov.tr/daireler/uluslararasi-ogrenciler,tr,2026-10-06T06:07:22+00:00,2026-10-07T06:48:59+00:00,gemma-4-26B-A4B-it-UD-Q4_K_M
331,Türkiye Bursları,Türkiye Bursları,Türkiye Bursları,Türkiye,short_course;bachelor;master;phd,,full,2026-02-20,10 Ocak – 20 Şubat 2026,yes,1,all,"Дэлхийн өнцөг булан бүрээс ирж буй олон улсын оюутнуудад зориулсан энэхүү тэтгэлэг нь бакалавр, магистр, докторын түвшинд суралцах боломжийг олгодог.",2026 yılı Türkiye Bursları başvuruları tek dönemde alınacaktır ve başvurular 10 Ocak – 20 Şubat 2026 tarihleri arasında tüm ülkelerden öğrencilere açık olacaktır.,https://www.turkiyeburslari.gov.tr/AbpLocalization/ChangeCulture?cultureName=tr&returnUrl=%2Fannouncements%2Fturkiye-scholarships-2026-applications-121,https://www.turkiyeburslari.gov.tr/AbpLocalization/ChangeCulture?cultureName=tr&returnUrl=%2Fannouncements%2Fturkiye-scholarships-2026-applications-121,tr,2026-10-06T06:07:11+00:00,2026-10-07T06:48:56+00:00,gemma-4-26B-A4B-it-UD-Q4_K_M
294,2026-2027中国政府奖学金申请项目正式启动,Chinese Government Scholarship,Chinese Government,China,bachelor;master;phd;language,,full,2026-02-20,2026年2月20日,unclear,0,unclear,"Бр боломж нь Хятадын бус эдэнхийг (non-Chinese citizens) хамруулсан бөгөөд эрүүл бие бялдар, нас болон боловсролын шаардлага хангасан байх ёстой. Бакалаврын түвшинд 25 хүртэл, магистрт 35 хүртэл, докторын түвшинд 40 хүртэл, нэмэлт сургалтад 45 хүртэл, ахисан түвшний сургалтад 50 хүртэл насны хэрэглэгчид зориулагдсан.",非中国籍公民，身心健康；,http://www.campuschina.org,https://be.china-embassy.gov.cn/sghd/202511/t20251112_11751168.htm,zh,2026-10-06T06:04:39+00:00,2026-10-07T06:46:45+00:00,gemma-4-26B-A4B-it-UD-Q4_K_M
290,北京外国语大学2026/2027学年度中国政府奖学金“高水平研究生”项目招生简章,Chinese Government Scholarship High-Level Graduate Program,Beijing Foreign Studies University,China,master;phd,,full,2026-02-20,即日起至2026年2月20日（北京时间）,yes,1,unclear,"БНБҮ-ийн 2026/2027 оны суралцагчдын урамшууллын хүрээнд Хятад улсын иргэн бус, хүчинтэй гадаад паспорттай гадаад иргэд (мастерын хөтөлбөрт 35 хүртэл, докторын хөтөлбөрт 40 хүртэл насны) горил олон.",根据《中华人民共和国国籍法》不具有中国国籍且持有效普通护照的外国公民；,https://study.bfsu.edu.cn/member/login.do,https://lb.bfsu.edu.cn/info/2612/4381.htm,zh,2026-10-06T06:04:29+00:00,2026-10-07T06:46:29+00:00,gemma-4-26B-A4B-it-UD-Q4_K_M
76,Бүгд Найрамдах Турк Улсын Засгийн газрын 2026-2027 оны тэтгэлэгт хөтөлбөр зарлагдлаа,Türkiye Scholarships,Government of the Republic of Türkiye,Türkiye,bachelor;master;phd,,full,2026-02-20,2026 оны 02 дүгээр сарын 20,yes,1,unclear,"Бакалавр, магистр, докторын зэрэгт суралцах хүсэлтэй бүх иргэд (олон улсын оюутнууд) хамрагдах боломжтой.",Тэтгэлэгт хамрагдах хүсэлтэй иргэд дараах холбоосоор нэвтэрч цахимаар бүртгүүлнэ үү: https://tbbs.turkiyeburslari.gov.tr/,https://tbbs.turkiyeburslari.gov.tr/,https://moe.gov.mn/post/171887,mn,2026-10-06T04:59:01+00:00,2026-10-07T06:33:21+00:00,gemma-4-26B-A4B-it-UD-Q4_K_M
19,Türkiye Bursları,Türkiye Scholarships – IsDB Joint Scholarship Program,Presidency for Turks Abroad and Related Communities (YTB) and the Islamic Development Bank (IsDB),Türkiye,master;bachelor;phd;short_course,,full,2026-02-20,10 January – 20 February 2026,yes,1,unclear,Исламын хөгжлийн банкны (IsDB) гишүүн орнуудын амжилттай оюутнууд болон дэлхийн бусад орны мусульман олонлогийн оюутнууд энэхүү тэтгэлэгт хамрагдах боломжтой.,Applications are open to successful international students from IsDB member countries as well as Muslim communities around the world.,https://www.turkiyeburslari.gov.tr/announcements/ytb-islamic-development-bank-isdb-joint-scholarship-program-2026-applicaiton-period-122,https://www.turkiyeburslari.gov.tr/announcements/ytb-islamic-development-bank-isdb-joint-scholarship-program-2026-applicaiton-period-122,en,2026-10-06T04:55:38+00:00,2026-10-07T06:30:39+00:00,gemma-4-26B-A4B-it-UD-Q4_K_M
20,Türkiye Bursları,Türkiye Scholarships,Türkiye Bursları,Türkiye,short_course;bachelor;master;phd,,full,2026-02-20,10 January – 20 February 2026,yes,1,all,"Дэлхийн бүх орны олон улсын оюутнууд болон судлаачдад зориулсан өрсөлдөөнт тэтгэлэг бөгөөд бакалавр, магистр, докторын зэрэг болон богино хугацааны хөтөлбөрүүдэд хамрагдах боломжтой.","Türkiye Scholarships applications for 2026 will be received in one period, and applications will be open between 10th January- 20th February 2026 for international students from all countries.",https://www.turkiyeburslari.gov.tr/announcements/turkiye-scholarships-2026-applications-121,https://www.turkiyeburslari.gov.tr/announcements/turkiye-scholarships-2026-applications-121,en,2026-10-06T04:55:38+00:00,2026-10-07T06:30:39+00:00,gemma-4-26B-A4B-it-UD-Q4_K_M
139,"БНСУ-д магистр, докторын түвшинд тэтгэлэгтэй суралцуулах сонгон шалгаруулалтын бүртгэл энэ сарын 12-25-нд үргэлжилнэ",Global Korea Scholarship,Government of South Korea,South Korea,master;phd,,full,2026-02-25,Хоёрдугаар сарын 25 (Пүрэв) 18:00(Солонгосын цагаар),yes,1,all,БНСУ-ын Засгийн газрын тэтгэлэгт хөтөлбөр нь Монгол улсын иргэд магистр болон докторын зэрэгт суралцах боломжтой.,БНСУ-ын Засгийн газар 2026 оны хичээлийн жилд гадаад оюутнуудыг(Монгол улсын иргэд) магистр болон докторын зэрэгт суралцуулах Засгийн газрын тэтгэлэгт хөтөлбөрийн сонгон шалгаруулалтыг зарлаж байна.,http://www.studyinkorea.go.kr,https://ikon.mn/n/3l7o,mn,2026-10-06T05:05:22+00:00,2026-10-07T06:37:09+00:00,gemma-4-26B-A4B-it-UD-Q4_K_M
304,中国政府来华留学卓越奖学金,Chinese Government Excellence Scholarship for International Students,China Scholarship Council (CSC) / Zhejiang University,China,master,Energy and Power;Chinese Studies;Chinese Economy,full,2026-02-28,即日起至2026年2月28日,yes,1,unclear,"БНХАУ-ын иргэн ماشيгүй, 45 хүртэлх насны, бат хүчтэй, бакалавр болон түүнээс дээш боловсролтой, 3 буюу түүнээс дээш жил ажилласан туршлагатай байх шаардлагатай. Мөн дараах дөрвөн ангилалд хамаарч байх ёстой: төрийн албан хаагч, байгууллага, компанийн удирдлага, эрдэм шинжилгээний байгууллагын удирдлага, эсвэл олон улсын байгууллагад ажиллаж байсан туршлагатай.",非中华人民共和国国籍，年龄不超过45周岁，身心健康。,https://iczu.zju.edu.cn/admissions/2023/0118/c68876a2711456/page.htm,https://iczu.zju.edu.cn/admissions/2023/0118/c68876a2711456/page.htm,zh,2026-10-06T06:05:13+00:00,2026-10-07T06:47:24+00:00,gemma-4-26B-A4B-it-UD-Q4_K_M
287,清华大学2027年招收国际研究生简章,Tsinghua University 2027 International Graduate Admissions,Tsinghua University,China,master;phd,,full,2026-02-28,申请时间一般为9月中旬至次年2月,yes,1,unclear,Хятадын улсын иргэн бус гадаад иргэд (Хятадын улсын иргэн байсан ч гадаад иргэн болсон тохиолдолд) горилогч байх шаардлагатай. Магистр болон докторын хөтөлбөрт элсэхэд холбогдох зэргийн дипломтой байх ёстой бөгөөд Хятадын болон гадаадын хэлний мэдлэг (Хятад эсвэл Англи хэл) шаардлагатай.,申请者须为根据《中华人民共和国国籍法》不具有中国国籍的外国人，申请时须持有效的外国护照或国籍证明文件。,https://yzbm.tsinghua.edu.cn/intlLogin,https://yz.tsinghua.edu.cn/info/1015/3252.htm,zh,2026-10-06T06:04:17+00:00,2026-10-07T06:46:16+00:00,gemma-4-26B-A4B-it-UD-Q4_K_M
282,2026年北京航空航天大学-中国政府奖学金“高水平研究生”项目介绍-北京航空航天大学国际学院,Chinese Government Scholarship High-Level Graduate Program,Beihang University & Chinese Government,China,master;phd,,full,2026-02-28,第三批次 2026年2月28日,unclear,0,unclear,"БНТ-ийн (Beihang University) магистр болон докторын түвшинд суралцах олон улсын оюутнуудад зориулсан бүрэн хэмжээний тэтгэлэг. Хэрэглэгч нь Хятад улсын иргэн биш байх ёстой бөгөөд эрүүл мэнд сайтай, тодорхой насны хязгаар болон хэлний шаардлага (HSK эсвэл англи хэлний мэдлэг) хангасан байх шаардлагатай.",非中国籍公民，身心健康。,http://admission.buaa.edu.cn,https://is.buaa.edu.cn/info/1196/2561.htm,zh,2026-10-06T06:04:01+00:00,2026-10-07T06:46:01+00:00,gemma-4-26B-A4B-it-UD-Q4_K_M
167,奨学金,Innatrip International Exchange Association Scholarship,公益財団法人 インナートリップ国際交流協会,Japan,bachelor;master;phd,,stipend_only,2026-02-28,2025年12月1日(月) ～ 2026年2月28日(土),yes,1,all,"Азийн (Зүүн өмнөд, Өмнөд, Төв, Баруун хойд болон Монгол), Тайвань болон Латин Америкийн улсын иргэн байх шаардлагатай. Токийн хот болон орчмын бүс нутгийн их, дээд сургуульд суралцаж буй, 30 хүртэлх насны бакалаврын болон 35 хүртэлх насны магистр, докторын оюутнууд горилоход тохиромжтой.",③ アジア（東南アジア・南アジア・中央アジア・西アジア及びモンゴル・台湾）、 及び中南米（ラテンアメリカ）諸国･地域の国籍を有する,https://itf.or.jp/scholarship,https://itf.or.jp/scholarship,ja,2026-10-06T05:08:24+00:00,2026-10-07T06:39:00+00:00,gemma-4-26B-A4B-it-UD-Q4_K_M
306,中国政府来华留学卓越奖学金项目招生简章-同济大学留学生办公室,Chinese Government Excellence Scholarship Program,China Scholarship Council (CSC),China,master,Environmental Management;Sustainable Development;Intellectual Property Law,full,2026-03-01,2026年1月1日——2026年3月1日,yes,1,unclear,"БНХАУ-ын иргэн энгийн бус, 45 хүртэлх насны, бакалаврын зэрэг болон түүнээс дээш боловсролтой, 3 буюу түүнээс дээш жил ажилласан туршлагатай байх шаардлагатай. Мөн дараах төрлийн хүмүүс хамаарна: төрийн албан хаагч, байгууллага, компанийн удирдлага, эрдэм шинжилгээний байгууллагын удирдлага, эсвэл олон улсын байгууллагад ажиллаж байсан туршлагатай.",非中华人民共和国国籍，年龄不超过45周岁，身心健康。,http://study-info.tongji.edu.cn/,https://study.tongji.edu.cn/info/1049/1582.htm,zh,2026-10-06T06:05:19+00:00,2026-10-07T06:47:26+00:00,gemma-4-26B-A4B-it-UD-Q4_K_M
283,中国政府来华留学卓越奖学金（硕士）,Chinese Government Excellence Scholarship for International Students (Master's),East China Normal University,China,master,Design;International Business;Education Management,full,2026-03-01,2026年3月1日,yes,1,unclear,"БНХА-ын иргэн бус, 45 хүртэлх насны, бакалаврын зэрэг болон түүнээс дээш боловсролтой, 3 буюу түүнээс дээш жил ажилласан туршлагатай, төрийн албан хаагч, байгууллагын удирдлага эсвэл олон улсын байгууллагад ажиллаж байсан туршлагатай хүмүүс горилох боломжтой.",非中华人民共和国国籍，年龄不超过 45 周岁，身心健康。,http://lxsapply.ecnu.edu.cn/,https://lxs.ecnu.edu.cn/sk_scholarship_graduate_csc_a_youth_of_excellence_scheme_of_china/list.htm,ko,2026-10-06T06:04:04+00:00,2026-10-07T06:46:01+00:00,gemma-4-26B-A4B-it-UD-Q4_K_M
114,2026 Asian Future Leaders Scholarship Program,Asian Future Leaders Scholarship Program,Bai Xian Asia Institute (BXAI),China,master,,full,2026-03-01,"March 1, 2026",yes,1,unclear,"Азийн орнуудаас ирж, Хятадын иргэн биш, Цинхуа их сургуулийн магистрын хөтөлбөрт элсэх шаардлага хангасан олон улсын оюутнууд горилогдоно. Тухайн оюутан сурлагад ахиц дэвшилтэй, манлайлах чадвартай, соёл хоорондын ойлголцолд сонирхолтой байх шаардлагатай.",Must be non-Chinese citizens from Asia and meet the requirements of admission for international master’s students,https://yzbm.tsinghua.edu.cn/intlLogin,https://yz.tsinghua.edu.cn/en/info/1027/1477.htm,en,2026-10-06T05:03:50+00:00,2026-10-07T06:35:31+00:00,gemma-4-26B-A4B-it-UD-Q4_K_M
121,Scholarship,Foundation 649 Scholarship,Foundation 649,United States,bachelor,,partial,2026-03-01,"March 1, 2026",no,1,unclear,"Азиат болон 태평양 азиат (AAPI) гаралтай, АНУ-ын магадлан хүлээн зөвшөөрөгдсөн их сургуульд суралцах эрхтэй, санхүүгийн хүндрэлтэй, АНУ-ын иргэн, оршин суугч эсвэл гадаад иргэн байх шаардлагатай.","Be a US citizen, resident, or foreign national.",https://foundation649.com/,https://foundation649.com/,en,2026-10-06T05:03:50+00:00,2026-10-07T06:36:29+00:00,gemma-4-26B-A4B-it-UD-Q4_K_M
206,2026년 「서울 테크 스칼라십」 장학생(외국인 이공계 석사 유학생 대상) 모집,Seoul Tech Scholarship,Seoul Scholarship Foundation,South Korea,master,Science;Engineering,full,2026-03-06,2025. 12. 22. ~ 2026. 3. 6.,yes,1,unclear,"Өөртөө болон эцэг эх нь Солонгос улсын иргэн биш, БНСУ-ын дотор шинжлэх ухаан, инженерчлэлийн чиглэлээр магистрын хөтөлбөрт элсэх (эсвэл элсэхээр төлөвлөж буй) 40 хүртэлх насны оюутан.",본인과 부모 모두 한국인이 아닌 국내 이공계 석사과정 입학(예정)자,https://www.uakoreaedu.org/kr/notification/2026-SeoulTechScholarshipForeignMastersDegreeStudentsInScienceAndEngineeringRecruitment,https://www.uakoreaedu.org/kr/notification/2026-SeoulTechScholarshipForeignMastersDegreeStudentsInScienceAndEngineeringRecruitment,ko,2026-10-06T05:10:53+00:00,2026-10-07T06:41:18+00:00,gemma-4-26B-A4B-it-UD-Q4_K_M
266,2026 Scholarship Applications Are Now Open for Prospective International Graduate Students of Peking University,Peking University Scholarships,Peking University,China,master;phd,,full,2026-03-09,Beijing Time at 9:00a.m. on March 9,yes,1,unclear,"Бээжингийн болон Хятадын засгийн газрын тэтгэлэгт хамрагдах горим нь Бээжингийн их сургуулийн олон улсын магистр, докторын оюутнуудад зориулагдсан бөгөөд горимд оролцох горимд шаардлага хангасан гадаад оюутнууд бүртгүүлнэ.",This notice is to announce the opening of scholarship applications for Peking University international graduate students in 2026.,http://www.studyatpku.com,https://isd.pku.edu.cn/en/detail.php?id=819,en,2026-10-06T06:02:34+00:00,2026-10-07T06:44:38+00:00,gemma-4-26B-A4B-it-UD-Q4_K_M
286,关于申请2026/2027学年中国政府来华留学奖学金“高水平研究生项目”的通知,Chinese Government Scholarship,China Scholarship Council,China,master;phd,International Trade;Tourism Management;Financial Management;Finance;World Economics;Public Finance;Quantitative Economics;Western Economics,full,2026-03-10,2026年3月10日,unclear,0,unclear,"Бурсжилт нь Хятадын бус эдэнхий гражданид зориулагдсан бөгөөд магистрт 35 хүртэл, докторт 40 хүртэл насны, сайн сурлагын амжилттай, хоёр профессор эсвэл дэд профессорын тодорхойлолттой горилогчдыг шаардана.",非中国籍公民，身心健康。,http://study.dufe.edu.cn,https://sie.dufe.edu.cn/content_95764.html,zh,2026-10-06T06:04:15+00:00,2026-10-07T06:46:14+00:00,gemma-4-26B-A4B-it-UD-Q4_K_M
54,Illinois Wesleyan University International Students Scholarships 2026-2027,Illinois Wesleyan University International Students Scholarships,Illinois Wesleyan University,United States,bachelor,,full,2026-03-15,1/15 March (Annual),yes,1,unclear,"Дэлхийн өнцөг булан бүрээс ирж буй, сургуулийн элсэлтийн шаардлага хангасан, сурлага болон авьяас чадвараараа онцлогт тооцогдох олон улсын оюутнууд (бакалаврын түвшин).",International students from all over the world,https://www.iwu.edu/international/scholarships.html,https://www.scholars4dev.com/25841/illinois-wesleyan-university-international-students-scholarships/,en,2026-10-06T04:57:49+00:00,2026-10-07T06:32:13+00:00,gemma-4-26B-A4B-it-UD-Q4_K_M
244,2026年北京大学外国留학생研究生新生系列奖学金申请通知,Peking University Scholarships for International Graduate Students,Peking University,China,master;phd,,full,2026-03-17,2026年3月17日24:00,yes,1,unclear,"Бээжингийн их сургуулийн оюутан элсэлтийн шаардлагыг хангасан, 2026 оны магистр болон докторын хөтөлбөрт элсэх хүсэлтээ амжилттай гаргасан гадаад оюутнууд.","符合北京大学招收外国留学生相关申请条件；
- 已成功提交2026年北京大学外国留学生研究生（硕、博）全日制自费项目入学申请；",http://www.studyatpku.com,https://www.isd.pku.edu.cn/cn/scholarship/detail.php?id=819,zh,2026-10-06T05:13:07+00:00,2026-10-07T06:43:21+00:00,gemma-4-26B-A4B-it-UD-Q4_K_M
265,APALA Scholarship,APALA Scholarship,APALA,United States,master;phd,library and information science;archives;information studies,stipend_only,2026-03-23,"Monday, March 23, 2026",no,1,unclear,"Азиат болон Номхон далайн гаралтай, но библиотек болон мэдээллийн шинжлэх ухааны чиглэлээр магистр эсвэл докторын зэрэг эзэмшиж буй эсвэл элсэхээр болсон оюутан байх шаардлагатай. Мөн APALA-ийн гишүүн байх ёстой.",Applicant must be of Asian/Pacific Islander heritage.,https://www.apalaweb.org/awards/apala-scholarship/,https://www.apalaweb.org/awards/apala-scholarship/,en,2026-10-06T06:02:32+00:00,2026-10-07T06:44:34+00:00,gemma-4-26B-A4B-it-UD-Q4_K_M
248,Academic Scholarship 2026-27 AY,British School of Ulaanbaatar Academic Scholarship,British School of Ulaanbaatar,Mongolia,master;bachelor;phd,,partial,2026-03-26,5:00pm Thursday 26th March,yes,1,unclear,"Монгол улсын ахлах сургуулийн сурагч байх шаардлагатай. Тухайн жилийн сургуулийн гүйцэтгэл 90%-иас багагүй байх, англи хэлний түвшин B2 буюу түүнээс дээш байх, IGCSE болон A-Level хөтөлбөрийг суралцах чадвартай байх зэрэг шаардлага тавигдана.",The BSU Academic Scholarship aims to give Mongolian high school students an opportunity to study globally recognised British education and to support the young generation of Mongolia in their efforts to contribute to the country's future.,https://www.britishschool.edu.mn/academic-scholarship,https://www.britishschool.edu.mn/academic-scholarship,en,2026-10-06T06:01:10+00:00,2026-10-07T06:43:34+00:00,gemma-4-26B-A4B-it-UD-Q4_K_M
241,“一帶一路”赴外留學獎學金接受申請,Belt and Road Overseas Study Scholarship,Macau Foundation,"Portugal, Brazil, Malaysia, Indonesia, Philippines, Thailand, Cambodia, Vietnam, Bangladesh, Hungary or Mongolia",bachelor;master,,stipend_only,2026-03-27,2026年3月9至3月27日,no,1,unclear,Макао хотын байнгын оршин суугч эсвэл Гуандун болон Фужянь мужийн хэт дээд боловсролын байгууллага төгсөгчид (бакалавр) энэхүү тэтгэлэгт хамрагдах боломжтой.,申請人須為應屆高中畢業的澳門永久性居民或應屆澳門高校學士畢業的內地粵、閩戶籍居民，前往指定地點升讀全日制學士或碩士課程。,https://www.fmac.org.mo,https://www.gov.mo/zh-hant/news/1219301/,zh,2026-10-06T05:12:59+00:00,2026-10-07T06:43:12+00:00,gemma-4-26B-A4B-it-UD-Q4_K_M
239,“一帶一路”獎學金,Belt and Road Scholarship,Macau Foundation,Macau,bachelor;master,,full,2026-03-27,2026年3月27日,no,1,unclear,"Макаогийн байнгын оршин суугч болон Гуандун, Фужян мужийн иргэд (бакалавр эсвэл магистрын хөтөлбөрт суралцах горимд) энэхүү тэтгэлэгт хамрагдах боломжтой.",歡迎符合條件的澳門、粵閩學生申請。,https://www.fmac.org.mo/scholarship/5,https://www.fmac.org.mo/scholarship/5,zh,2026-10-06T05:12:45+00:00,2026-10-07T06:43:03+00:00,gemma-4-26B-A4B-it-UD-Q4_K_M
237,“一带一路”赴外留学奖学金接受申请,Belt and Road Overseas Study Scholarship,Macau Foundation,"Portugal, Brazil, Malaysia, Indonesia, Philippines, Thailand, Cambodia, Vietnam, Bangladesh, Hungary, Mongolia",bachelor;master,,full,2026-03-27,2026年3月9至3月27日,no,1,unclear,"Макаогийн байнгын оршин суугч болон Гуандун, Фужян мужийн бүртгэлтэй, дээд боловсролын сургууль төгсөх курсын оюутнууд (бакалавр эсвэл магистр) энэхүү тэтгэлэгт хамрагдах боломжтой.",申请人须为应届高中毕业的澳门永久性居民或应届澳门高校学士毕业的内地粤、闽户籍居民，前往指定地点升读全日制学士或硕士课程。,http://www.fmac.org.mo,https://www.gov.mo/zh-hans/news/891882/,zh,2026-10-06T05:12:42+00:00,2026-10-07T06:42:59+00:00,gemma-4-26B-A4B-it-UD-Q4_K_M
302,关于申请2026/2027学年中国政府来华留学卓越奖学金的通知,Chinese Government Excellence Scholarship,China Scholarship Council,China,,,full,2026-03-31,2026年3月31日23:59,yes,1,unclear,Бүх үндэстэн болон олон улсын оюутнууд (Монгол улсын иргэд хамаарна) энэхүү тэтгэлэгт хамрагдах боломжтой.,2026/2027学年中国政府来华留学卓越奖学金项目申请工作现已启动。,http://studyinchina.csc.edu.cn/#/login,https://mv.china-embassy.gov.cn/sgsd/202512/t20251203_11765567.htm,zh,2026-10-06T06:05:00+00:00,2026-10-07T06:47:11+00:00,gemma-4-26B-A4B-it-UD-Q4_K_M
292,2026/2027学年北京航空航天大学中国政府来华留学卓越奖学金项目简章-北京航空航天大学国际学院,Chinese Government Excellence Scholarship Program for International Students,China Scholarship Council (CSC),China,master,Space Information Engineering;Artificial Intelligence;Big Data;Management Science and Engineering;Business Administration;Remote Sensing;Satellite Communication;Computer Science,full,2026-03-31,2026年3月31日前,yes,1,unclear,"Бурхалтай олон улсын оюутан байх шаардлагатай (Хятадын Иргэн биш), 45 хүртэлх насны, бакалавр болон түүнээс дээш зэрэгтэй, 3 буюу түүнээс дээш жил ажилласан туршлагатай байх ёстой. Мөн дараах дөрвөн ангилалд харьяалагдах ёстой: төрийн албан хаагч, байгууллага эсвэл компанийн удирдлага, сургууль эсвэл судалгааны байгууллагын захиргааны ажилтан, эсвэл олон улсын байгууллагад ажиллаж байсан туршлагатай.",非中华人民共和国国籍，年龄不超过45周岁，身心健康。,http://studyinchina.csc.edu.cn,https://is.buaa.edu.cn/info/1252/2151.htm,zh,2026-10-06T06:04:33+00:00,2026-10-07T06:46:37+00:00,gemma-4-26B-A4B-it-UD-Q4_K_M
262,The 2026-2027 ECD in Crisis Research Fellowship Program,The 2026-2027 ECD in Crisis Research Fellowship Program,Moving Minds Alliance (MMA),Global South,,Early Childhood Development;Crisis and Displacement;Policy and Advocacy;Humanitarian Response,stipend_only,2026-03-31,"March 31st, 2026",yes,1,unclear,"Глобал Өмнөдийн (Global South) орнуудад суурилсан, эрт үеийн хөгжлийн (ECD) болон хямрал, шилжилт хөдөлгөөний нөлөөлөлд өртсөн хүүхдүүдийн судалгааг хийх эрх эхлэл шатны судлаачдыг дэмжинэ. Өргөдөл гаргагч нь хямралд өртсөн улсад төрсөн, амьдардаг эсвэл ажиллаж байсан туршлагатай байх шаардлагатай.",The Fellowship aims to support individuals from diverse nationalities.,https://movingmindsalliance.org/wp-content/uploads/2026/02/2026-27-ECDiC-Research-Fellowship-Programme-Fellows-TOR.pdf,https://movingmindsalliance.org/wp-content/uploads/2026/02/2026-27-ECDiC-Research-Fellowship-Programme-Fellows-TOR.pdf,en,2026-10-06T06:02:17+00:00,2026-10-07T06:44:27+00:00,gemma-4-26B-A4B-it-UD-Q4_K_M
230,2026 GKS Graduate Application (정부초청 외국인 대학원 장학생 모집요강),Global Korea Scholarship,Yeungnam University,South Korea,master;phd,,full,2026-03-31,"March 31, 2026",yes,1,unclear,Зөвхөн зөвлөмж болгосон улсын иргэд (өөрийн болон эцэг эхийн) хүсэлт гаргах боломжтой. Нас: 40 хүртэл (ODA хүлээн авагч орны профессор бол 45 хүртэл). Сурлагын амжилт: Нийт оноогоор 80% буюу түүнээс дээш эсвэл эрэмбээрээ шилдэг 20%-д багтсан байх шаардлагатай. Солонгос улсад сургууль төгсөөгүй байх ёстой.,추천대상국 국적 소유자(본인 및 부모),https://www.yu.ac.kr/is/gks/program-guide.do?mode=view&articleNo=228629713&title=2026+GKS+Graduate+Application+%28%EC%A0%95%EB%B6%80%EC%B4%88%EC%B2%AD+%EC%99%B8%EA%B5%AD%EC%9D%B8+%EB%8C%80%ED%95%99%EC%9B%90+%EC%9E%A5%ED%95%9C%EC%83%9D+%EB%AA%A8%EC%A7%91%EC%9A%94%EA%B0%95%29,https://www.yu.ac.kr/is/gks/program-guide.do?mode=view&articleNo=228629713&title=2026+GKS+Graduate+Application+%28%EC%A0%95%EB%B6%80%EC%B4%88%EC%B2%AD+%EC%99%B8%EA%B5%AD%EC%9D%B8+%EB%8C%80%ED%95%99%EC%9B%90+%EC%9E%A5%ED%95%99%EC%83%9D+%EB%AA%A8%EC%A7%91%EC%9A%94%EA%B0%95%29,ko,2026-10-06T05:12:21+00:00,2026-10-07T06:42:39+00:00,gemma-4-26B-A4B-it-UD-Q4_K_M
258,Guaranteed Scholarships for WWU Students: Mongolia,WWU Mongolia Summer Scholarship,Western Washington University (WWU),Mongolia,bachelor,Mongolian language;Culture,partial,2026-04-01,April 1 at midnight,yes,1,list,WWU оюутнууд 2026 оны зун Монгол Улсын Үндэсний их сургуулийн хөтөлбөрөөр Монголд суралцах шаардлагатай.,"| Study Direct: Mongolian Language + Culture - Institute for Mongolian Studies at the National University of Mongolia (2 weeks) | Mongolian language, arts and culture, and society | $500 (estimated)* |",https://studyabroad.wwu.edu/summer-programs,https://studyabroad.wwu.edu/summer-programs,en,2026-10-06T06:02:04+00:00,2026-10-07T06:44:10+00:00,gemma-4-26B-A4B-it-UD-Q4_K_M
229,2026 GKS-G Admission Application University Track,Global Korea Scholarship,National Institute for International Education (NIIED),South Korea,master;phd,,full,2026-04-01,2026년 4월 1일(수) KST,yes,1,unclear,БНБ-ийн (GKS) хөтөлбөрийн дагуу Солонгосын сургуульд магистр эсвэл докторын зэрэг эзэмших гадаад оюутнууд горилоход нээлттэй.,2026학년도 정부초청 외국인 장학생 선발 안내,https://www.sungshin.ac.kr/bbs/gras/3699/152943/artclView.do,https://www.sungshin.ac.kr/bbs/gras/3699/152943/artclView.do,ko,2026-10-06T05:12:13+00:00,2026-10-07T06:42:31+00:00,gemma-4-26B-A4B-it-UD-Q4_K_M
218,2026 정부초청외국인장학생 모집,Global Korea Scholarship,Academy of Korean Studies,South Korea,master;phd,Korean Studies;Humanities;Social Sciences,full,2026-04-01,2026. 4. 1.(수)까지 우편 접수,yes,1,unclear,Улсын гадаад оюутан наের (GKS) тэтгэлэгт хамрагдах горилоосон улсын иргэд.,지원자격 : 초청국 국적 보유자,https://grad.aks.ac.kr/cop/bbs/selectBoardArticle.do?nttId=322843&bbsId=BBSMSTR_000000000110,https://grad.aks.ac.kr/cop/bbs/selectBoardArticle.do?nttId=322843&bbsId=BBSMSTR_000000000110,ko,2026-10-06T05:11:40+00:00,2026-10-07T06:41:57+00:00,gemma-4-26B-A4B-it-UD-Q4_K_M
365,БҮГД НАЙРАМДАХ КУБА УЛСЫН ЗАСГИЙН ГАЗРЫН ТЭТГЭЛЭГТ ХӨТӨЛБӨР ЗАРЛАГДЛАА (2026-2027),Government of Cuba Scholarship,Government of the Republic of Cuba,Cuba,bachelor,General Medicine,full,2026-04-10,2026 оны 3 дугаар сарын 16-ний өдрөөс 4 дүгээр сарын 10-ний өдрийн хооронд,yes,1,all,"Монгол Улсын иргэн, 16-25 хүртэлх насны, бүрэн дунд боловсролтой, эрүүл мэнд болон эрүүгийн хариуцлага хүлээж байгаагүй байх шаардлагатай.",Монгол Улсын иргэн байх;,https://scholarship.esis.edu.mn,https://scholarship.esis.edu.mn/grant/news%20more.html?more=90,mn,2026-10-06T08:22:00+00:00,2026-10-07T06:50:29+00:00,gemma-4-26B-A4B-it-UD-Q4_K_M
330,Yüksek Lisans Bursu,Fulbright Master's Scholarship,The Turkish Fulbright Commission,United States,master,,full,2026-04-10,10 Nisan 2026,no,1,unclear,"Лицензиат төгсөгчид эсвэл 2027 оны 7-р сар гэхэд бакалаврын зэрэг хамгаалсан оюутнууд мэдүүлэг гаргах боломжтой. Тухайн оюутан Турк улсын иргэн байх ёстой бөгөөд англи хэлний ахисан түвшний мэдлэгтэй, шаардлагатай онооны босго (TOEFL, IELTS гэх мэт) биелүүлсэн байх шаардлагатай. Бизнесийн чиглэлээр (MBA) суралцах бол дор хаяж 1 жил бүтэн цагийн ажлын туршлагатай байх ёстой.",- Türkiye Cumhuriyeti vatandaşı olmayanlar,https://fulbright.org.tr/burs/3/Y%C3%BCksek-Lisans-Bursu,https://fulbright.org.tr/burs/3/Y%C3%BCksek-Lisans-Bursu,tr,2026-10-06T06:07:06+00:00,2026-10-07T06:48:52+00:00,gemma-4-26B-A4B-it-UD-Q4_K_M
364,БҮГД НАЙРАМДАХ АЗЕРБАЙЖАН УЛСЫН ЗАСГИЙН ГАЗРЫН ОЛОН УЛСЫН ТЭТГЭЛЭГТ ХӨТӨЛБӨР ЗАРЛАГДЛАА,Heydar Aliyev International Education Scholarship,Ministry of Foreign Affairs and Ministry of Science and Education of the Republic of Azerbaijan,Azerbaijan,language;bachelor;master;phd,,full,2026-04-15,2026 оны 4 дүгээр сарын 15-ны 17:00 цаг хүртэл,yes,1,all,"Монгол Улсын иргэн байх шаардлагатай. Бакалаврын түвшинд 35 хүртэл, магистрын түвшинд 40 хүртэл, докторын түвшинд 45 хүртэл насны байх ёстой. Өм前 боловсролын дүн 100 онооны системээр 70-аас дээш байх шаардлагатай.",- Монгол Улсын иргэн байх;,https://scholarship.esis.edu.mn,https://scholarship.esis.edu.mn/grant/news%20more.html?more=89,mn,2026-10-06T08:21:57+00:00,2026-10-07T06:50:29+00:00,gemma-4-26B-A4B-it-UD-Q4_K_M
260,Apply Now to the 2026 Future Earth Early-Career Fellowship,Future Earth Early-Career Fellowship,Future Earth,China,postdoc;phd,Climate change adaptation and mitigation;Environmental pollution control;Ecosystem restoration;Marine environmental protection;Human–environment systems;Artificial intelligence;Earth system science;Sustainable development,stipend_only,2026-04-15,"April 15, 2026 (6:00 PM Beijing Time)",unclear,1,unclear,"Эртний шатны судлаач, постдокч эсвэл PhD төгсөх шатанд байгаа оюутан (2026 онд төгсөх эсвэл 2021 оны 1-р сарын 1-ээс хойш PhD хамгаалсан) байх шаардлагатай. Тогтвортой хөгжлийн чиглэлээр ажилладаг байх бөгөөд хилийн чанадад суралцах, ажиллах эсвэл судалгаа хийх 12 сарын туршлагатай эсвэл ийм туршлага хуримтлуулах төлөвлөгөөтэй байх ёстой.","Designed as a platform for early-career scholars across the natural, social, and human sciences, the fellowship fosters international collaboration and helps build a global network of researchers committed to advancing equitable and resilient societies.",https://futureearth.org/apply-now-to-the-2026-future-earth-early-career-fellowship/,https://futureearth.org/apply-now-to-the-2026-future-earth-early-career-fellowship/,en,2026-10-06T06:02:15+00:00,2026-10-07T06:44:19+00:00,gemma-4-26B-A4B-it-UD-Q4_K_M
247,中国科学院大学招生信息,University of Chinese Academy of Sciences Admissions,University of Chinese Academy of Sciences,China,master;phd,philosophy;economics;law;education;literature;history;science;engineering,full,2026-04-15,2025年10月15日至2026年4月15日,yes,1,unclear,"Гадаад улсын иргэд, БНХАУ-ын бус иргэд (китай улсын иргэн биш) магистр болон докторын зэрэгт суралцах боломжтой. Англи эсвэл Хятад хэлний мэдлэг шаардлагатай.",持外国护照的非中国籍公民，遵守中国法律法规及国科大规章制度。,https://is.ucas.ac.cn/,https://admission.ucas.ac.cn/showarticle/Article/6dca61d2-4d40-4dc9-9484-e95d3f457b10/e739256d-905c-40d5-91df-ada587862457,zh,2026-10-06T05:13:15+00:00,2026-10-07T06:43:31+00:00,gemma-4-26B-A4B-it-UD-Q4_K_M
85,ICCR's Scholarship Notification for the Academic Year 2026-27,ICCR Scholarship,Indian Council for Culture Relations (ICCR),India,exchange;short_course;bachelor;master;phd;postdoc,Engineering;IT;Business Administration;Humanities;Commerce;Science;Buddhist Studies;Languages,full,2026-04-15,"15th April, 2026",yes,1,all,"18-35 насны (PhD-д 40 нас хүртэл) Монгол улсын иргэд, сурлагын өндөр амжилттай, холбогдох чиглэлээр бэлтгэгдсэн, англи хэлний мэдлэг сайтай байх шаардлагатай.","The Indian Council for Culture Relations (ICCR), Government of India offers free scholarships to Mongolian students for the Academic Year 2026-27 to pursue Diploma/Bachelor’s/Master’s/Doctoral degree in various disciplines including Engineering, IT, Business Administration, Humanities, Commerce, Science, Buddhist Studies, Languages, Art and Culture, etc.",http://a2ascholarships.iccr.gov.in,https://eoimongolia.gov.in/pages/MTg3,en,2026-10-06T05:00:45+00:00,2026-10-07T06:33:55+00:00,gemma-4-26B-A4B-it-UD-Q4_K_M
174,2026年度私費外国人留学生奨学生募集要項【大学院修士課程】 | 公益財団法人SGH財団 申請サイト,SGH Foundation Scholarship,SGH Foundation,Japan,master,,stipend_only,2026-04-17,2026年4月17日（金）,no,1,unclear,"Зөвхөн Зүүн өмнөд Азийн орнуудын (ASEAN-д гишүүн орнууд: Филиппин, Индонез, Сингапур, Малайз, Тайланд, Бруней, Вьетнам, Мьянмар, Лаос, Камбожа, Дэвүүн Тимор) иргэн байх, Японы их дээд сургуулийн магистрын хөтөлбөрт суралцаж буй, 35 хүртэлх насны, эдийн засгийн тусламж хэрэгтэй, бусад тэтгэлэг авдаггүй хувийн зардлаар суралцагч оюутнууд тавигдана.",奨学生に応募できる者は、東南アジア諸国（注１）の国籍を有する私費外国人留学生（注２）で、,https://form.sgh-foundation.or.jp/app_master/,https://form.sgh-foundation.or.jp/app_master/,ja,2026-10-06T05:08:55+00:00,2026-10-07T06:39:22+00:00,gemma-4-26B-A4B-it-UD-Q4_K_M
338,2026학년도 후기 학부 몽골 현지 외국인 특별전형 신입학,Pusan National University Special Admission for Mongolian Foreigners,Pusan National University,South Korea,bachelor,Mechanical Engineering;Architecture;Civil and Environmental Engineering;Aerospace Engineering;Economics;International Studies;Business Administration;Interior Environmental Design,unknown,2026-04-19,2026. 4. 13.(월) ~ 4. 19.(일) 24:00,yes,1,list,Өргөдөл гаргагч болон түүний эцэг эх нар хоёулаа гадаад улсын иргэн байх ёстой (БНСУ-ын хоёр улсчлагчдыг хязгаарлана).,2026학년도 후기 학부 몽골 현지 외국인 특별전형 신입학,http://www.studyinkorea.go.kr,https://international.pusan.ac.kr/bbs/international/2089/1497377/download.do,ko,2026-10-06T06:10:06+00:00,2026-10-07T06:41:08+00:00,gemma-4-26B-A4B-it-UD-Q4_K_M
177,公益財団法人 似鳥国際奨学財団,Nitori International Scholarship Foundation,Nitori International Scholarship Foundation,Japan,bachelor;master,,stipend_only,2026-04-20,2026年4月20日（月）,yes,1,unclear,"Япон улсын их, сургуульд суралцаж буй 'суралцагч' визтэй хувийн төлбөртэй оюутнууд (JASSO-ийн тэтгэлэг авдаг оюутнууд хамаарахгүй). Бакалавр болон магистрын түвшний оюутнууд, GPA 2.5-аас дээш, япон хэлний мэдлэг N3 түвшинд хүрсэн байх шаардлагатай.",①対象者　　： 日本国内の大学・大学院に在籍する在留資格が『留学』の私費留学生の方,https://www.nitori-shougakuzaidan.com/application/,https://www.nitori-shougakuzaidan.com/wp-content/themes/shougakuzidan/pdf/application/2026-foreigner.pdf,ja,2026-10-06T05:09:12+00:00,2026-10-07T06:39:31+00:00,gemma-4-26B-A4B-it-UD-Q4_K_M
163,2026 年度 サカタアグリ財団外国人留学生奨学金 募集概要,Sakata Agri Foundation Scholarship for International Students,Sakata Agri Foundation,Japan,bachelor;master;phd,agriculture,stipend_only,2026-04-22,2026 年4 月22 日（水）17:00,yes,1,all,"ASEAN орны орнууд, Энэтхэг, Пакистан, Шри Ланка, Бангладеш, Непал, Бутан, Монгол, Латин Америк болон Африкийн орны иргэд, хөдelmөр зохион байгуулалт, хөдelmөрлөх ухаан (agriculture) зэрэг салбарт суралцаж буй, 30 хүртэлх насны, Япон хэлний N3 түвшинтэй оюутнууд.","Eligible countries: ASEAN member states (Brunei, Cambodia, Indonesia, Laos, Malaysia, Myanmar, Philippines, Singapore, Thailand, Vietnam, Timor-Leste), India, Pakistan, Sri Lanka, Bangladesh, Nepal, Bhutan, Mongolia, Latin American countries, African countries (Latin American countries and African countries are listed on the Ministry of Foreign Affairs website)",https://www.iwate-u.ac.jp/iuic/dfea6778544b0452631a334880018b91.pdf,https://www.iwate-u.ac.jp/iuic/dfea6778544b0452631a334880018b91.pdf,ja,2026-10-06T05:08:01+00:00,2026-10-07T06:38:44+00:00,gemma-4-26B-A4B-it-UD-Q4_K_M
252,UCL Global Undergraduate Scholarship,UCL Global Undergraduate Scholarship,UCL,United Kingdom,bachelor,,full,2026-04-27,"5pm BST, Monday 27 April 2026",yes,1,unclear,"Их бага орлогытой, Их Британиас гаднах улсаас ирж, UCL-д бүрэн цагийн бакалаврын хөтөлбөрт суралцах эрхтэй оюутнууд.",Candidates can be from any country outside the UK but must fulfill all of the following criteria:,https://www.ucl.ac.uk/scholarships/ucl-global-undergraduate-scholarship,https://www.ucl.ac.uk/scholarships/ucl-global-undergraduate-scholarship,en,2026-10-06T06:01:40+00:00,2026-10-07T06:43:46+00:00,gemma-4-26B-A4B-it-UD-Q4_K_M
183,2026年度本庄国際奨学財団海外留学（大学院生）奨学生募集,Honjo International Scholarship Foundation Scholarship,Honjo International Scholarship Foundation,,postdoc;master;phd,,full,2026-04-30,2026.4.30〆切,unclear,0,unclear,"Суайelitian (магистр, докторант) түвшинд суралцагчдад зориулсан, тэтгэлэг болон сургалтын төлбөрийн тусламж олгох боломжтой.",,https://studyabroad.opir.kyoto-u.ac.jp/programs/2026/scholarship/,https://studyabroad.opir.kyoto-u.ac.jp/programs/2026/scholarship/,ja,2026-10-06T05:09:27+00:00,2026-10-07T06:39:48+00:00,gemma-4-26B-A4B-it-UD-Q4_K_M
100,Scholarships - Australia Awards - South Asia & Mongolia,Australia Awards Scholarships,Commonwealth of Australia,Australia,postdoc,,full,2026-04-30,30 April each year,yes,1,all,"БНСУ-ын иргэд Австралийн их дээд сургуулиудад магистр, докторын зэрэг эзэмших боломжтой. Тус хөтөлбөр нь хөгжил дэвшилд хувь нэмэр оруулах чадвартай залуу удирдагчдыг дэмжинэ.","Under the Australia Awards – South Asia & Mongolia program, they are open to suitably qualified nationals of Bangladesh, Bhutan, Maldives, Nepal, Pakistan, Sri Lanka and Mongolia.",https://australiaawardssouthasiamongolia.org/scholarships/,https://australiaawardssouthasiamongolia.org/scholarships/,en,2026-10-06T05:02:13+00:00,2026-10-07T06:34:43+00:00,gemma-4-26B-A4B-it-UD-Q4_K_M
89,2027-2028 Fulbright Foreign Student Scholarship Program,Fulbright Foreign Student Program,U.S. Department of State,United States,master,,full,2026-04-30,"April 30, 2026",no,1,unclear,"Тимор-Лесте улсын иргэн байх ёстой. Бакалаврын зэрэгтэй, мэргэжлийн ажлын туршлагатай, англи хэлний мэдлэг сайтай, манлайлах чадвартай байх шаардлагатай. Клиник шаардлагатай мэргэжлүүд (шүдний эм, эмчлэг, эмийн эмч, сувилагч) хамаарахгүй.",Applicants must be citizens of Timor-Leste.,https://apply.iie.org/ffsp2027,https://tl.usembassy.gov/2027-2028-fulbright-foreign-student-scholarship-program/,en,2026-10-06T05:01:35+00:00,2026-10-07T06:34:05+00:00,gemma-4-26B-A4B-it-UD-Q4_K_M
87,Australia Awards scholarships in Mongolia,Australia Awards,Australian Government,Australia,master,"Agriculture, Environment and Related Studies;Architecture and Building;Creative Arts;Education;Engineering and Related Technologies;Food, Hospitality and Personal Services;Health;Information Technology",full,2026-04-30,30 April 2026 (11:59PM AEST),yes,1,all,"Монгол Улсын иргэд Австралийн дээд боловсролын байгууллагад Мастер (coursework эсвэл research) түвшинд суралцах боломжтой. Өргөдөл гаргагч нь бакалаврын зэрэгтэй, GPA 3.0-аас дээш, IELTS 6.0 (band 5.5-аас багагүй) эсвэл түүнтэй дүйцэхүйц TOEFL оноотой байх шаардлагатай. Мөн хөгжлийн бэрхшээлтэй хүмүүсээс бусад нь 2026 оны 2-р сарын 1-ний өмнө Монголд 2 жил тасралтгүй ажилласан байх ёстой.",Australia Awards scholarships provide citizens of Mongolia with the opportunity to obtain a qualification at an Australian tertiary institution.,https://oasis.dfat.gov.au/,https://www.australiaawardsmongolia.org/wp-content/uploads/2026/01/Mongolia-Country-profile-Intake-2027-ENGLISH.pdf,en,2026-10-06T05:00:45+00:00,2026-10-07T06:34:05+00:00,gemma-4-26B-A4B-it-UD-Q4_K_M
75,Australia Awards Scholarships,Australia Awards Scholarships,Australian Government,Australia,bachelor;master;phd,,full,2026-04-30,30 April 2026,yes,1,unclear,"Бэлтгэл боловсролын хөтөлбөрт хамрагдах горилогчид нь: 18 нас хүрсэн, хөтөлбөрт оролцогч улсын иргэн байх, Австралийн иргэн эсвэл оршин суугч биш байх, цэргийн албан хаагч биш байх зэрэг шаардлагыг хангасан байх ёстой.","Citizens of one of the participating countries in Asia, Pacific, Africa, and the Middle East.",https://www.dfat.gov.au/people-to-people/australia-awards/australia-awards-scholarships,https://www.scholars4dev.com/3253/australia-awards-scholarships/,en,2026-10-06T04:58:58+00:00,2026-10-07T06:33:19+00:00,gemma-4-26B-A4B-it-UD-Q4_K_M
197,2027年度 日本人対象 フルブライト奨学金,Fulbright Scholarship for Japanese Students,Japan-U.S. Educational Commission,United States,postdoc;research;master;phd,,full,2026-05-01,2026年5月1日23:59 (日本時間),no,1,unclear,Зөвхөн япон иргэд зориулсан тэтгэлэг.,この度、日本人を対象とした「2027年度フルブライト奨学生」の募集を2026年3月１日より開始いたします。,https://www.fulbright.jp/scholarship/,https://tobitate-mext.jasso.go.jp/scholarshipsearch/243,ja,2026-10-06T05:10:13+00:00,2026-10-07T06:40:42+00:00,gemma-4-26B-A4B-it-UD-Q4_K_M
249,Start Your Future Today with Your Community,Tsahim Urtuu - American Mongolian Community Scholarship Program,Tsahim Urtuu,United States,bachelor,,partial,2026-05-03,"May 3, 2026",yes,1,list,"Хошин Америк Монголчуудын ахлах сургуулийн сурагчдад зориулсан энэхүү тэтгэлэг нь АНУ-ын магадлан итгэмжлэгдсэн дөрвөн жилийн коллеж, их сургууль эсвэл цэргийн академид бакалаврын зэрэг эзэмшихээр төлөвлөж буй Монгол Америк гаралтай сурагчдыг хамруулна.","The Tsahim Urtuu - American Mongolian Community Scholarship Program recognizes academic excellence among Mongolian American high school students in North America planning to pursue a traditional baccalaureate degree at an accredited four-year college, university or military academy in the United States.",https://scholarship.tsahimurtuu.org/,https://scholarship.tsahimurtuu.org/,en,2026-10-06T06:01:18+00:00,2026-10-07T06:43:39+00:00,gemma-4-26B-A4B-it-UD-Q4_K_M
63,2026 Numerix Women in Finance Scholarship 2026-2027,Numerix Women in Finance Scholarship,FINCAD,,master;phd,finance;financial asset management;market risk management;fixed-income;derivatives finance,partial,2026-05-06,6 May 2026,yes,1,all,"Санхүүгийн салбарын магистр эсвэл докторын хөтөлбөрт бүрэн цагаар суралцаж буй, санхүүгийн салбарт 5 жил хүрэхгүй туршлагатай, 10 жил хүрэхгүй ерөнхий ажлын туршлагатай бүх улсын эмэгтэйчүүд.",Applications are welcomed from female citizens of all countries.,https://www.numerix.com/women-in-finance-scholarship,https://www.scholars4dev.com/17963/fincad-women-in-finance-scholarship/,en,2026-10-06T04:58:25+00:00,2026-10-07T06:32:45+00:00,gemma-4-26B-A4B-it-UD-Q4_K_M
301,对外经贸大学国际学院,Beijing Government Scholarship for International Students,Beijing Municipal Government,China,bachelor;master;phd,Chinese language,full,2026-05-11,2026年5月11日,yes,1,unclear,"Хятад улсад суралцаж буй, Хятад улсаас бусад улсын иргэн (non-Chinese nationality) оюутан байх шаардлагатай. Бакалаврын түвшинд 25 хүртэлх нас, магистрт 35 хүртэлх нас, докторын түвшинд 40 хүртэлх нас хүртэлх насны хязгаартай.",申请人须为非中国籍的国际学生，对华友好，身心健康。,https://sie.uibe.edu.cn/xwgg2/tzgg2/03dace57fd384c22a11c33d809d61fae.htm,https://sie.uibe.edu.cn/xwgg2/tzgg2/03dace57fd384c22a11c33d809d61fae.htm,zh,2026-10-06T06:05:00+00:00,2026-10-07T06:47:11+00:00,gemma-4-26B-A4B-it-UD-Q4_K_M
354,€5000 Scholarship to Study a Master's Degree in Europe,Study a Master's in Europe Scholarship,educations.com,Europe,master,,tuition_only,2026-05-15,"May 15, 2026",yes,1,unclear,"Европы альгол сургууль эсвэл магистрын хөтөлбөрт суралцах эрхтэй, ямар ч улсын иргэн байж болно. Магистрын түвшний хөтөлбөрт суралцах, бакалаврын зэрэгтэй, англи хэлний шаардлага хангасан байх шаардлагатай.","The scholarship will be awarded for the Fall 2026 semester onwards up to a value of €5000, and is open to students from any country who will be studying a Master's degree abroad at a European university or graduate school.",https://www.educations.com/scholarships/study-a-masters-in-europe-15211,https://www.educations.com/scholarships/study-a-masters-in-europe-15211,en,2026-10-06T08:20:49+00:00,2026-10-07T06:49:53+00:00,gemma-4-26B-A4B-it-UD-Q4_K_M
255,2026 Chinese Government Scholarship (Type B) — Silk Road Program,Chinese Government Scholarship,Chinese Government,China,bachelor;master;phd,Metallurgical Engineering;Materials Science and Engineering;Computer Science and Technology;Environmental Science and Engineering;Safety Science and Engineering,full,2026-05-15,"May 15th, 2026",yes,1,all,"Хятадаас бус улсын иргэд, эрүүл мэнд сайн байх шаардлагатай. Бакалаврын түвшинд 25 хүртэлх нас, магистрын түвшинд 35 хүртэлх нас, докторын түвшинд 40 хүртэлх насны байх шаардлагатай. Хятад хэл дээрх хөтөлбөрт HSK-ийн түвшин, англи хэл дээрх хөтөлбөрт IELTS эсвэл TOEFL-ийн шаардлага тавигдана.","Eligible countries include Pakistan, Mongolia, Cambodia, Indonesia, Vietnam, Laos, Bangladesh, Malaysia, Thailand, and Myanmar.",https://studyinchina.csc.edu.cn/,https://iscen.ustb.edu.cn/News/ea40b611ac154405b232a1783b9c2258.htm,en,2026-10-06T06:01:56+00:00,2026-10-07T06:44:01+00:00,gemma-4-26B-A4B-it-UD-Q4_K_M
297,中山大学2026年“丝绸之路”中国政府奖学金项目申请指引,Silk Road - Chinese Government Scholarship Program,China Scholarship Council,China,bachelor;master;phd,green development;digital economy;artificial intelligence;energy;taxation;finance;disaster reduction;education,full,2026-05-17,2026年5月17日,no,1,unclear,"Бэх боломж нь 'Бүс ба зам' санаачилгын 10 орны иргэд (Вьетнам, Пакистан, Мьянмар, Лаос, Тайланд, Камбож, Индонез, Йемен, Малайз, Казахстан) зориулагдсан бөгөөд бакалавр, магистр, докторын түвшинд горилоход боломжтой. Хэрэв Хятад хэл дээр суралцах бол HSK-ийн шаардлагатай түвшинд хүрсэн байх ёстой.",10个共建“一带一路”国家：越南 巴基斯坦 缅甸 老挝 泰国 柬埔寨 印度尼西亚 也门 马来西亚 哈萨克斯坦。,https://apply.sysu.edu.cn,https://iso.sysu.edu.cn/cn/jxjxm/1421371.htm,zh,2026-10-06T06:04:48+00:00,2026-10-07T06:46:59+00:00,gemma-4-26B-A4B-it-UD-Q4_K_M
299,2026年南昌大学“丝绸之路”中国政府奖学金项目——“一带一路”共建国家高水平中文人才培养项目,"2026 Chinese Government Scholarship ""Silk Road"" – High-Level Chinese Language Talent Education Program",Nanchang University,China,master,Chinese Language and Literature;Teaching Chinese to Speakers of Other Languages,full,2026-05-18,"May 18, 2026",no,1,unclear,"Индонез, Вьетнам, Тайланд бо Туркменстаны иргэд бакалаврын зэрэгтэй, 35 хүртэл насны, HSK 5 түвшинтэй байх шаардлагатай.","Applicants must be citizens of Indonesia, Vietnam, Thailand and Turkmenistan.",http://apply.ncu.edu.cn/,https://iec.ncu.edu.cn/info/1691/21306.htm,en,2026-10-06T06:04:52+00:00,2026-10-07T06:46:59+00:00,gemma-4-26B-A4B-it-UD-Q4_K_M
238,中国政府奖学金-南开大学国际教育学院,Chinese Government Scholarship,Nankai University,China,bachelor;master,,full,2026-05-18,即日起至2026年5月18日,yes,1,all,Баклавр болон магистрын түвшинд суралцах боломжтой. Өргөдөл гаргах улс орнуудад Монгол улс багтсан болно.,申请国别：越南、马来西亚、泰国、缅甸、巴基斯坦、蒙古、印度尼西亚、乌兹别克斯坦、哈萨克斯坦、哥伦比亚。,https://sie.nankai.edu.cn/jxj/zgzfjxj.htm,https://sie.nankai.edu.cn/jxj/zgzfjxj.htm,zh,2026-10-06T05:12:42+00:00,2026-10-07T06:43:00+00:00,gemma-4-26B-A4B-it-UD-Q4_K_M
61,ASBS Global Impact Scholarship,ASBS Global Impact Scholarship,"Adam Smith Business School, Glasgow University",United Kingdom,master,,full,2026-05-18,18 May 2026,yes,1,all,"Өргөдөл гаргагч нь эрх бүхий улсын иргэн байх, 2026 оны 9-р сарын элсэлтээр магистратурын хөтөлбөрт урьдчилсан эсвэл эцсийн урилгатай байх, мөн эрдэм шинжилгээний өндөр амжилттай (UK 1st Class Hons зэрэгтэй тэнцэхүйц) байх шаардлагатай.","Afghanistan, Albania, Algeria, Andorra, Angola, Anguilla, Antigua and Barbuda, Argentina, Armenia, Australia, Azerbaijan, Bahamas, Bahrain, Bangladesh, Barbados, Belarus, Belize, Benin, Bermuda, Bhutan, Bolivia, Bosnia and Herzegovina, Botswana, Brazil, British Virgin Islands, Brunei, Burkina Faso, Burundi, Cambodia, Cameroon, Canada, Cape Verde, Cayman Islands, Central African Republic, Chad, Chile, China, Colombia, Comoros, Congo, Congo Democratic Republic of, Costa Rica, Cote d’Ivoire, Cuba, ",https://www.gla.ac.uk/scholarships/asbsglobalimpactscholarship/,https://www.scholars4dev.com/29477/asbs-global-impact-scholarship/,en,2026-10-06T04:58:17+00:00,2026-10-07T06:32:38+00:00,gemma-4-26B-A4B-it-UD-Q4_K_M
152,Стипендия Правительства Монголии: студенты ГУУ могут подать заявку на обучение в 2026/2027 учебном году,Government of Mongolia Scholarship,Government of Mongolia,Mongolia,bachelor;master;phd,,full,2026-05-19,19 мая 2026 года,yes,1,list,"ГУУ-ийн бүрэн цагийн суралцагчид бакалавр, специалитет, магистр, аспирантурын хөтөлбөрт суралцах боломжтой.",National University of Mongolia,https://guu.ru/%D1%81%D1%82%D0%B8%D0%BF%D0%B5%D0%BD%D0%B4%D0%B8%D1%8F-%D0%BF%D1%80%D0%B0%D0%B2%D0%B8%D1%82%D0%B5%D0%BB%D1%8C%D1%81%D1%82%D0%B2%D0%B0-%D0%BC%D0%BE%D0%BD%D0%B3%D0%BE%D0%BB%D0%B8%D0%B8-%D1%81%D1%82/,https://guu.ru/%D1%81%D1%82%D0%B8%D0%BF%D0%B5%D0%BD%D0%B4%D0%B8%D1%8F-%D0%BF%D1%80%D0%B0%D0%B2%D0%B8%D1%82%D0%B5%D0%BB%D1%8C%D1%81%D1%82%D0%B2%D0%B0-%D0%BC%D0%BE%D0%BD%D0%B3%D0%BE%D0%BB%D0%B8%D0%B8-%D1%81%D1%82/,ru,2026-10-06T05:06:19+00:00,2026-10-07T06:37:54+00:00,gemma-4-26B-A4B-it-UD-Q4_K_M
148,Открыт приём заявок на стипендиальную программу Правительства Монголии,Government of Mongolia Scholarship Programme,Government of Mongolia,Mongolia,,,full,2026-05-22,22 мая 2026 12:00,unclear,1,unclear,Монгол Улсын Засгийн газрын тэтгэлэгт хөтөлбөрт хамрагдан Монголын их дээд сургуулиудад 2026/2027 хичээлийн жилд суралцах горимд нэр дэвшигчид урьдчилсан сонголт хийх хүсэлт гаргаж байна.,Начинается приём заявок кандидатов на участие в отборе на стипендиальную программу Правительства Монголии для обучения в монгольских университетах в 2026/2027 учебном году.,https://www.bsu.ru/news/33604/,https://www.bsu.ru/news/33604/,ru,2026-10-06T05:05:53+00:00,2026-10-07T06:37:38+00:00,gemma-4-26B-A4B-it-UD-Q4_K_M
71,Adelaide Global Academic Excellence Scholarships for International Students 2026-2027,Adelaide Global Academic Excellence Scholarship,University of Adelaide,Australia,bachelor;master,,tuition_only,2026-05-22,22 May 2026,yes,1,unclear,"Олон улсын оюутнууд, сургуулийн бакалавр эсвэл магистрын хөтөлбөрт элсэхээр өргөдөл гаргаж буй, өмнөх сургалтдаа өндөр эрдэм шинжилгээний амжилт гаргасан оюутнууд энэхүү тэтгэлэгт хамрагдах боломжтой. Эрдэм шинжилгээний үзүүлэлт нь бакалаврын түвшинд ATAR 99 буюу түүнтэй дүйцэхүйц, магистрын түвшинд GPA 6.7 (7.0-ийн шатлал дээр) байх шаардлагатай.",The University of Adelaide Global Academic Excellence Scholarship (International) is a highly competitive award that rewards commencing undergraduate and postgraduate coursework international students who have demonstrated academic excellence in previous studies.,https://adelaide.edu.au/study/scholarships/int/adelaide-academic-excellence-scholarship-50/,https://www.scholars4dev.com/6711/university-of-adelaide-scholarships-for-international-students/,en,2026-10-06T04:58:47+00:00,2026-10-07T06:33:10+00:00,gemma-4-26B-A4B-it-UD-Q4_K_M
211,[국립국제교육원] 2027년도 일본 정부(문부과학성) 장학금 연구유학생 및 한일공동고등교육 유학생 교루사업(석사박사학위 과정) 선발 안내,Japanese Government (MEXT) Scholarship,Japanese Government (MEXT),Japan,master;phd,,full,2026-05-25,2026.5.25. 16:00까지,no,1,unclear,1992년 4월 2일 이후 출생한 대한민국 국적 소지자로서 일본 대학 졸업자 또는 동등한 자격을 가진 자.,1) 연령: 1992년 4월 2일 이후 출생한 대한민국 국적 소지자,https://www.kr.emb-japan.go.jp/itprtop_ko/index.html,https://www.hs.ac.kr/grad_gyeonggi/13002/subview.do?enc=Zm5jdDF8QEB8JTJGYmJzJTJGZ3JhZF9neWVvbmdnaSUyRjI1MzglMkYzMjg0MzElMkZhcnRjbFZpZXcuZG8lM0Y%3D,ko,2026-10-06T05:11:14+00:00,2026-10-07T06:41:31+00:00,gemma-4-26B-A4B-it-UD-Q4_K_M
275,Об участии в стипендиальной программе Правительства Монголии в 2026/2027 учебном году,Government of Mongolia Scholarship Programme,Government of Mongolia,Mongolia,bachelor;master;postdoc;research,,full,2026-05-29,"29 мая 2026 года, 16:00 по московскому времени",no,1,unclear,"Ороон захиргааны болон эрдэм шинжилгээний ажилтан, мөн Оросын Холбооны улсын дээд боловсролын байгууллагын тушаалтай суралцагчид (бакалавр, магистр, аспирант, ординатор гэх мэт) энэхүү тэтгэлэгт хамрагдах эрхтэй.","К участию в отборе допускаются российские граждане, являющиеся обучающимися очной формы обучения по образовательным программам высшего образования – программам бакалавриата, программам специалитета, программам магистратуры, программам подготовки научных и научно-педагогических кадров в аспирантуре, программам ординатуры и программам ассистентуры-стажировки, имеющим государственную аккредитацию, либо являющиеся научными, научно-педагогическими работниками или работниками из числа административно-управленческого персонала российских образовательных организаций высшего образования и научных организаций.",https://www.tstu.tver.ru/sveden/inter/,https://www.tstu.tver.ru/sveden/inter/,ru,2026-10-06T06:03:36+00:00,2026-10-07T06:45:23+00:00,gemma-4-26B-A4B-it-UD-Q4_K_M
151,Обучение в Монголии 2026-2027,Government of Mongolia Scholarship,Government of Mongolia,Mongolia,bachelor;master;phd,,full,2026-05-29,до 29 мая 2026 до 16:00 (мск),unclear,0,unclear,"Баклавр, магистр болон докторантуры хүсэлт илгээх боломжтой. Монгол хэлгүй горилогчид Монголын их сургуулиудад 1 жил хэлний бэлтгэлд хамрагдах боломжтой.",,https://ifea.spbu.ru/1152-obuchenie-v-mongolii-2026-2027.html,https://ifea.spbu.ru/1152-obuchenie-v-mongolii-2026-2027.html,ru,2026-10-06T05:06:02+00:00,2026-10-07T06:37:51+00:00,gemma-4-26B-A4B-it-UD-Q4_K_M
150,Стипендия Монголии‑2026: Мининский университет помогает подать заявку,Mongolian Government Scholarship,Government of Mongolia,Mongolia,bachelor;research;master;postdoc,,full,2026-05-29,29 мая 2026 года,no,1,unclear,"Оюутан, суралцагчид болон их сургуулийн эрдэм шинжилгээний, захиргааны ажилтнууд (оюутан, магистрант, аспирант гэх мэт) энэхүү тэтгэлэгт хамрагдах боломжтой.","российские студенты очной формы обучения (бакалавриат, специалитет, магистратура, аспирантура, ординатура), а также научные и административные сотрудники вузов могут подать документы на стипендиальную программу правительства Монголии.",https://mobility.ined.ru/academicmobility/programs,https://mininuniver.ru/about/news/stipendiya-mongolii-2026-mininskij-universitet-pomogaet-podat-zayavku,ru,2026-10-06T05:06:01+00:00,2026-10-07T06:37:51+00:00,gemma-4-26B-A4B-it-UD-Q4_K_M
147,Государственная стипендия на обучение в Монголии 2026/2027,Mongolian Government Scholarship,Government of Mongolia,Mongolia,bachelor;master;postdoc;research,engineering;information technology;natural sciences;medicine,full,2026-05-29,До 29 мая 2026 года (16:00 МСК),yes,1,list,"Бакалавр, магистр, аспирант, ординатор, стажер болон их сургуулийн эрдэм шинжилгээ, сургалт, захиргааны ажилтан нар оролцох боломжтой. Оролцох хүсэлт гаргахад Оросын Холбооны Улсын иргэн байх шаардлагатай (паспорт РФ шаардлагатай).",— National University of Mongolia (NUM);,https://forms.yandex.ru/u/68d67014068ff0d9505d1324,https://lawyer.rudn.ru/ru/international-activities/academic-mobility/54077/,ru,2026-10-06T05:05:51+00:00,2026-10-07T06:37:38+00:00,gemma-4-26B-A4B-it-UD-Q4_K_M
124,"2026 оны Тайваньд бакалавр, магистр, докторын хөтөлбөрт суралцах тэтгэлэгт хөтөлбөр",Taiwan Scholarship,Taiwan Ministry of Education,Taiwan,bachelor;master;phd,,full,2026-05-29,2026 оны 5-р сарын 29-ний 12:00 цаг хүртэл,yes,1,all,"Монгол Улсын иргэд бакалавр, магистр, докторын зэрэгт суралцах эрхтэй.","Тайваний Боловсролын яамнаас 2026 оны хичээлийн жилд Монгол Улсаас нийт 14 оюутанд тэтгэлэг олгох бөгөөд бакалавр, магистр, докторын зэрэгт суралцах Монгол оюутнуудад дараах байдлаар тэтгэлэг олгоно.",https://roc-taiwan.org/mn_en/post/11511.html,https://www.must.edu.mn/mn/news/12264,mn,2026-10-06T05:04:04+00:00,2026-10-07T06:36:29+00:00,gemma-4-26B-A4B-it-UD-Q4_K_M
83,Mongolian Government Scholarship Program for Studying at Mongolian Universities in the 2026/2027 Academic Year,Mongolian Government Scholarship Program,Government of Mongolia,Mongolia,bachelor;master,,stipend_only,2026-05-29,"by 29 May, 2026, 16:00 Moscow time candidates must submit a set of documents",no,1,unclear,"Монгол улсын засгийн газрын тэтгэлэгт хөтөлбөрт оролцох шаардлагатай Оросын иргэд дээд боловсролын хөтөлбөрүүд болох бакалавр, специалист, магистрын хөтөлбөрт бүтэн цагийн суралцагч байх ёстой.","Russian citizens who are full-time students in higher education programs—bachelor's, specialist's, and master's programs—are eligible to apply.",https://www.spbgasu.ru/en/news-and-events/calendar-of-events/stipendialnaya-programma-pravitelstva-mongolii-dlya-obucheniya-v-mongolskikh-universitetakh-v-2026-2/,https://www.spbgasu.ru/en/news-and-events/calendar-of-events/stipendialnaya-programma-pravitelstva-mongolii-dlya-obucheniya-v-mongolskikh-universitetakh-v-2026-2/,en,2026-10-06T04:59:40+00:00,2026-10-07T06:33:48+00:00,gemma-4-26B-A4B-it-UD-Q4_K_M
359,"Studyportals Scholarship: €10,000 for Your Master’s Abroad",Studyportals Scholarship,Studyportals,Netherlands,bachelor;master,,tuition_only,2026-05-31,31 May 2026,yes,1,unclear,"Дэлхийн ඕронд ажиллаж, суралцах төлөвлөгөөтэй, түнш их дээд сургуулиудын аль нэгэнд бакалавр эсвэл магистрын хөтөлбөрт элсэхээр болсон ямар ч улсын оюутан энэхүү тэтгэлэгт хамрагдах боломжтой.","The scholarship is open to students from all countries, anywhere in the world.",https://www.mastersportal.com/scholarships/2842/studyportals-scholarship.html,https://www.mastersportal.com/scholarships/2842/studyportals-scholarship.html,en,2026-10-06T08:21:20+00:00,2026-10-07T06:50:11+00:00,gemma-4-26B-A4B-it-UD-Q4_K_M
357,"Studyportals Scholarship: €10,000 for Your Master’s Abroad",Studyportals Scholarship,Studyportals,,bachelor;master,,tuition_only,2026-05-31,31 May 2026,yes,1,all,"Дэлхийн ඕронд ажиллаж, суралцах төлөвлөгөөтэй, түнш их дээд сургуулиудын аль нэгэнд бакалавр эсвэл магистрын хөтөлбөрт элсэхээр болсон бүх улсын оюутнууд энэхүү тэтгэлэгт хамрагдах боломжтой.","The scholarship is open to students from all countries, anywhere in the world.",https://www.mastersportal.com/scholarships/studyportals-scholarship,https://www.mastersportal.com/scholarships/studyportals-scholarship,en,2026-10-06T08:21:08+00:00,2026-10-07T06:50:02+00:00,gemma-4-26B-A4B-it-UD-Q4_K_M
311,"Erlass-Stipendien, Befreiungen & Erlasse",TUM Tuition Fee Waiver Scholarships,Technical University of Munich,Germany,bachelor;master,,tuition_only,2026-05-31,vom 1. Januar bis 31. Mai für das nachfolgende Wintersemester,yes,1,unclear,Гургалч оюутан болон магистрын оюутнууд (гуравдагч орны иргэд) сургалтын төлбөрөөс чөлөөлөгдөх эсвэл хөнгөлөлт авах боломжтой. Сонголт нь суралцагчийн сурлагаийн амжилт эсвэл санхүүгийн хүндрэлээс хамаарна.,Erfolgreichen Bewerberinnen und Bewerbern werden die Studiengebühren für internationale Studierende aus Drittstaaten in der Regel für zwei Semester erlassen.,https://www.tum.de/studium/studienfinanzierung/gebuehren/stipendien-und-erlasse,https://www.tum.de/studium/studienfinanzierung/gebuehren/stipendien-und-erlasse,de,2026-10-06T06:05:43+00:00,2026-10-07T06:47:46+00:00,gemma-4-26B-A4B-it-UD-Q4_K_M
305,2026年五邑大学来华留学生招生简章（学历生）,Wuyi University International Student Admission 2026,Wuyi University,China,bachelor;master,engineering;science;economics;management;literature;law;art,full,2026-05-31,2026年5月31日,yes,1,unclear,"БНБ-ийн иргэн буюу Хятадын бус иргэд (хуулийн дагуу гадаад иргэн болсон 4-өөс дээш жил болсон) хүлээн авна. 2026 оны 8-р сарын 31-ний өдрийг гэхэд 18 нас хүрсэн байх шаардлагатай. Бакалаврын түвшинд HSK 4, магистрын түвшинд HSK 5-аас дээш түвшин шаардлагатай.",（一）持有效护照的非中国籍公民；,https://www.wyu.edu.cn/wsc/info/1699/8170.htm,https://www.wyu.edu.cn/wsc/info/1699/8170.htm,zh,2026-10-06T06:05:14+00:00,2026-10-07T06:47:24+00:00,gemma-4-26B-A4B-it-UD-Q4_K_M
141,"Вьетнам улсад бакалавр, магистр, докторын түвшинд суралцуулах тэтгэлэгт хөтөлбөрийн бүртгэл эхэллээ",Vietnam Government Scholarship,Government of Vietnam and Government of Mongolia,Vietnam,bachelor;master;phd,,full,2026-06-01,2026 оны зургаадугаар сарын 1-ний өдрийн 17:00 цаг хүртэл,yes,1,all,"Монгол Улсын иргэн байх шаардлагатай. Бакалаврын түвшинд 12 дугаар ангийн дүн 80+ эсвэл коллежийн 1, 2 дамжааны GPA 3.0+ байх; Магистрт 3.0+ GPA болон 2+ жил ажилласан туршлагатай; Докторын түвшинд 3.2+ GPA болон 2+ жил ажилласан туршлагатай байх шаардлагатай.",Монгол Улсын иргэн байх;,https://scholarship.esis.edu.mn,https://ikon.mn/n/3n53,mn,2026-10-06T05:05:22+00:00,2026-10-07T06:37:12+00:00,gemma-4-26B-A4B-it-UD-Q4_K_M
94,International Undergraduate Scholarship 2026,International Undergraduate Scholarship,University of Sheffield,United Kingdom,bachelor,,tuition_only,2026-06-03,3 June 2026,yes,1,unclear,"Шеффилдийн их сургуульд 2026 оны 9-р сард бакалаврын зэрэгт суралцахаар элсэх, сургалтын төлбөрийн зорилгоор гадаад оюутан (overseas) гэж ангилагдсан, өөрийн зардлаар суралцах оюутнууд энэхүү тэтгэлэгт хамрагдах боломжтой. Эмнэлэг болон шүдний эмгэгчлэлийн чиглэлүүд хамаарахгүй.",You must be self-funded and classified as overseas for tuition fee purposes.,https://sheffield.ac.uk/international/fees-and-funding/scholarships/undergraduate/international-undergraduate-scholarship,https://sheffield.ac.uk/international/fees-and-funding/scholarships/undergraduate/international-undergraduate-scholarship,en,2026-10-06T05:02:00+00:00,2026-10-07T06:34:21+00:00,gemma-4-26B-A4B-it-UD-Q4_K_M
224,2026-2027 이스라엘 정부초청 장학생 선발 안내,Israel Government Scholarship,Government of Israel,Israel,master;phd;postdoc;research,,partial,2026-06-10,2026.6.10.(수),unclear,1,unclear,"Магистр, докторант, постдок болон судалгааны суралцагчдад зориулсан тэтгэлэг бөгөөд сургалтын төлбөрийн 50%, эрүүл мэндийн даатгал болон амьжиргааны зардал олгоно. Мөн зуны хэлний курсын суралцагчдад зориулсан тэтгэлэг бий.","2026-2027 이스라엘 정부초청 장학생 선발을 아래와 같이 안내드리니, 관심있는 학생은 지원바랍니다.",https://uni.dongseo.ac.kr/iec/index.php?pCode=MN5000027&CgCode=1&mode=view&idx=727,https://uni.dongseo.ac.kr/iec/index.php?pCode=MN5000027&CgCode=1&mode=view&idx=727,ko,2026-10-06T05:12:00+00:00,2026-10-07T06:42:16+00:00,gemma-4-26B-A4B-it-UD-Q4_K_M
323,Forschungsstipendien für Doktorandinnen und Doktoranden • DAAD,DAAD Research Grants for Doctoral Candidates,DAAD,Germany,phd,,full,2026-06-15,02. Mai - 15. Juni 2026,yes,1,unclear,"Герман улсын сургуульд докторын зэрэг хамгаалж буй эсвэл хамгаалахаар төлөвлөж буй, герман улсын иргэн бус оюутнууд энэхүү судалгааны тэтгэлэгт хамрагдах боломжтой.","Eine Bewerbung ist auch möglich, wenn Sie nicht die deutsche Staatsangehörigkeit haben.",https://www2.daad.de/ausland/studieren/stipendium/de/70-stipendien-finden-und-bewerben/?detail=57556279,https://www2.daad.de/ausland/studieren/stipendium/de/70-stipendien-finden-und-bewerben/?detail=57556279,de,2026-10-06T06:06:39+00:00,2026-10-07T06:48:26+00:00,gemma-4-26B-A4B-it-UD-Q4_K_M
72,University of New South Wales International Scholarships 2026-2027,University of New South Wales International Scholarships,University of New South Wales,Australia,bachelor;master,,full,2026-06-18,18 June 2026,yes,1,unclear,Олон улсын оюутан байх шаардлагатай бөгөөд UNSW-ийн бакалавр эсвэл магистрын хөтөлбөрт бүтэн цагаар суралцах ёстой.,Must be an international student;,https://www.scholarships.unsw.edu.au/scholarships/id/1957/7176,https://www.scholars4dev.com/23382/unsw-international-scholarships/,en,2026-10-06T04:58:51+00:00,2026-10-07T06:33:10+00:00,gemma-4-26B-A4B-it-UD-Q4_K_M
291,东北师范大学2026–2027学年国际学生硕士项目招生简章,Northeast Normal University Master's Program Admission Brochure for International Students 2026–2027,Northeast Normal University,China,master,,full,2026-06-22,2026年6月22日,unclear,0,unclear,"Бурхан бус хятад үндэсний бус иргэд, эрүүл бие бялдар, сурлагын амжилттай, нас 35 хүртэлх хугацаанд байх шаардлагатай. Хятад хэлээр суралцах бол HSK 5 (180+ оноо), англи хэлээр суралцах бол TOEFL 80 эсвэл IELTS 6.0-аас дээш оноотой байх шаардлагатай.",非中国籍人士。,http://studyatnenu.nenu.edu.cn,https://iso.nenu.edu.cn/chinese/info/1032/2912.htm,zh,2026-10-06T06:04:29+00:00,2026-10-07T06:46:30+00:00,gemma-4-26B-A4B-it-UD-Q4_K_M
140,Румын улсын засгийн газрын 2026–2027 оны хичээлийн жилийн тэтгэлгийг зарлалаа,Romanian Government Scholarship,Romanian Ministry of Education and Research,Romania,bachelor;master;phd,,full,2026-06-22,2026 оны 6 дугаар сарын 22-ны 09:00 цаг хүртэл,yes,1,all,Монгол Улсын иргэн байх шаардлагатай. Өмнө нь Румын Улсын Засгийн газрын тэтгэлгээр суралцаагүй байх ёстой. Суралцахыг хүсэж буй түвшний өмнөх түвшний боловсролын зэргийг авсан байх шаардлагатай.,Монгол Улсын нийт 10 иргэнд нэг талын журмаар тэтгэлэг олгохоор зарлалаа.,https://scholarship.esis.edu.mn,https://www.yolo.mn/news/12375,mn,2026-10-06T05:05:22+00:00,2026-10-07T06:37:10+00:00,gemma-4-26B-A4B-it-UD-Q4_K_M
130,2026-2027 оны хичээлийн жилийн БНХАУ-ын Өвөр Монголын Өөртөө Засах Орны (ӨМӨЗО) Засгийн газрын тэтгэлэг зарлагдлаа,Inner Mongolia Government Scholarship,Government of Inner Mongolia Autonomous Region,China,bachelor;master;phd,,full,2026-06-25,2026 оны 6 дугаар сарын 1-25-ны өдрүүдэд,yes,1,list,"Бакалаврын түвшинд 25 хүртэлх насны Монгол Улсын иргэн, магистрын түвшинд 35 хүртэлх насны Монгол Улсын иргэн, докторын түвшинд 40 хүртэлх насны Монгол Улсын иргэн байх шаардлагатай.","Бакалаврын түвшинд суралцахаар горилогч нь ерөнхий боловсролын сургууль төгссөн, Монгол Улсын 25 хүртэлх насны иргэн байх, сурлагын голч дүн 3.0 ба түүнээс дээш байх;",https://isms.imu.edu.cn/stu/#/login,https://www.ubpress.mn/a/1278,mn,2026-10-06T05:04:39+00:00,2026-10-07T06:36:34+00:00,gemma-4-26B-A4B-it-UD-Q4_K_M
60,GREAT Scholarships in UK for International Students 2026-2027,GREAT Scholarships,UK Government/British Council,United Kingdom,master,,tuition_only,2026-06-30,"varies, Apr-June 2026 (Annual)",no,1,unclear,"БНБ, Хятад, Египет, Франц, Гана, Грек, Энэтхэг, Индонез, Итали, Кени, Малайз, Мексик, Нигери, Пакистан, Испань, Тайланд, Турк, Вьетнам улсын иргэд нэг жилийн магистрын хөтөлбөрт суралцах £10,000 тэтгэлэг олгоно. Тухайн улсын нэмэлт шаардлагыг албан ёсны сайтаас харах шаардлагатай.","Target group: Students from the following countries: Bangladesh, China, Egypt, France, Ghana, Greece, India, Indonesia, Italy, Kenya, Malaysia, Mexico, Nigeria, Pakistan, Spain, Thailand, Turkey, Vietnam",https://study-uk.britishcouncil.org/scholarships-funding/great-scholarships,https://www.scholars4dev.com/28045/great-scholarships-in-uk-for-international-students/,en,2026-10-06T04:58:15+00:00,2026-10-07T06:32:35+00:00,gemma-4-26B-A4B-it-UD-Q4_K_M
55,Fairleigh Dickinson Scholarships for International Students 2026-2027,Fairleigh Dickinson Scholarships for International Students,Farleigh Dickinson University,United States,bachelor;master,any subject,partial,2026-07-01,1 July/1 Dec (Annual),yes,1,unclear,Олон улсын оюутнуудад зориулсан энэхүү тэтгэлэг нь сурлагын амжилт болон шалгалтын оноон дээр үндэслэгддэг. FDU-ийн сургалтын бүрэн гүйцэд өргөдлийг гаргасан оюутнууд тэтгэлэгт хамрагдах боломжтой.,Open to international students from around the world,https://www.fdu.edu/admissions/international/scholarships/,https://www.scholars4dev.com/25896/fairleigh-dickinson-scholarships-for-international-students/,en,2026-10-06T04:57:53+00:00,2026-10-07T06:32:20+00:00,gemma-4-26B-A4B-it-UD-Q4_K_M
208,2026학년도 2학기 대학원 외국인 재학생 장학금 신청 및 사정 안내,Yeungnam University Graduate School International Student Scholarship,Yeungnam University,South Korea,master;phd,,tuition_only,2026-07-03,2026.06.15.(월) ~ 2026.07.03.(금) 17:00,yes,1,unclear,"2026 оны 2-р хагасын магистр, докторын түвшиний гадаад оюутнууд (бүртгэлээ хийж буй эсвэл сургуульдаа эргэн ирэх төлөвтэй) хүлээн авах боломжтой. Тэвчээр болон хэлний мэдлэг, GPA (3.5-аас дээш) зэрэг шаардлага тавигдана.",2026학년도 2학기 대학원 외국인 재학생(미등록 복학예정자 포함) 장학금 신청방법을 다음과 같이 안내합니다.,https://www.yu.ac.kr/graduate/community/notice.do?mode=view&articleNo=230302948&title=2026%ED%95%99%EB%85%84%EB%8F%84+2%ED%95%99%EA%B8%B0+%EB%8C%80%ED%95%99%EC%9B%90+%EC%99%B8%EA%B5%AD%EC%9D%B8+%EC%9E%AC%ED%95%9D%EC%83%9D+%EC%9E%A5%ED%95%99%EA%B8%88+%EC%8B%A0%EC%B2%AD+%EB%B0%8F+%EC%82%AC%EC%A0%95+%EC%95%88%EB%82%B4,https://www.yu.ac.kr/graduate/community/notice.do?mode=view&articleNo=230302948&title=2026%ED%95%99%EB%85%84%EB%8F%84+2%ED%95%99%EA%B8%B0+%EB%8C%80%ED%95%99%EC%9B%90+%EC%99%B8%EA%B5%AD%EC%9D%B8+%EC%9E%AC%ED%95%99%EC%83%9D+%EC%9E%A5%ED%95%99%EA%B8%88+%EC%8B%A0%EC%B2%AD+%EB%B0%8F+%EC%82%AC%EC%A0%95+%EC%95%88%EB%82%B4,ko,2026-10-06T05:11:11+00:00,2026-10-07T06:41:28+00:00,gemma-4-26B-A4B-it-UD-Q4_K_M
310,Vollstipendien für ein Auslandssemester an der Southern Cross University,Southern Cross University First-Come-First-Served Scholarship,GOstralia!-GOmerica!,Australia,bachelor;master,,full,2026-07-07,bis spätestens 07. Juli 2026 angenommen werden muss!,no,1,unclear,"Герман, Австриа болон Швейцарь улсын иргэд баかります. Бакалавр болон магистрын түвшний оюутан байх шаардлагатай бөгөөд бакалаврын түвшинд дор хаяж 60 ECTS оноо авсан байх ёстой.","Zudem müssen Studierende die Staatsbürgerschaft Deutschlands, Österreichs oder der Schweiz besitzen.",https://gostralia-gomerica.de/auslandssemester/finanzierung/stipendien/southern-cross-university-first-come-first-served-stipendium,https://gostralia-gomerica.de/auslandssemester/finanzierung/stipendien/southern-cross-university-first-come-first-served-stipendium,de,2026-10-06T06:05:41+00:00,2026-10-07T06:47:44+00:00,gemma-4-26B-A4B-it-UD-Q4_K_M
138,БҮГД НАЙРАМДАХ БОЛГАР УЛСЫН ЗАСГИЙН ГАЗРЫН 2026–2027 ОНЫ ХИЧЭЭЛИЙН ЖИЛИЙН ТЭТГЭЛЭГ ЗАРЛАГДЛАА,Bulgarian Government Scholarship,Government of Bulgaria,Bulgaria,bachelor;master;phd,,full,2026-07-07,2026-07-07,yes,1,all,"Монгол Улсын иргэд бакалавр, магистр, докторын түвшинд суралцах боломжтой. Бакалаврын сургалт болгар хэл дээр (1 жилийн хэлний бэлтгэлтэй), магистр болон докторын сургалт нь болгар эсвэл англи хэл дээр явагдана.","Монгол Улсын Засгийн газар, Бүгд Найрамдах Болгар Улсын Засгийн газар хоорондын соёл, боловсрол, шинжлэх ухааны салбарт хамтран ажиллах хөтөлбөрийн хүрээнд 2026–2027 оны хичээлийн жилд Монгол Улсын иргэдэд нийт 8 тэтгэлэг олгоно.",https://moe.gov.mn/study-abroad?category_id=11459,https://moe.gov.mn/study-abroad?category_id=11459,mn,2026-10-06T05:05:22+00:00,2026-10-07T06:37:09+00:00,gemma-4-26B-A4B-it-UD-Q4_K_M
277,2026년 2학기 삼성꿈장학재단 글로벌 희망 장학생 선발 안내,Global Hope Scholarship,Samsung Dream Scholarship Foundation,South Korea,bachelor;master;phd;research,,full,2026-07-08,2026. 7. 8.(수) 11시까지,no,1,unclear,"Сонгуны Сэмин Сансэгийн сангийн Глобал найдвар (Global Hope) тэтгэлэгт шалгаруулалт нь Сөүлийн их сургуулийн бакалавр, магистр, докторт суралцаж буй эсвэл шинээр элсэх гадаад оюутнуудад зориулагдсан. Оюутнууд DAC List of ODA Recipients жагсаалтад багтсан хөгжиж буй орны иргэн байх, TOPIK-ийн шалгалтанд 2-р түвшнээс дээш оноотой байх шаардлагатай. Гэхдээ Монгол улсын иргэд энэ удаагийн шалгаруулалтад хамрагдах боломжгүй.",몽골 국적 지원이 제한되며 베트남 외 국적자를 우대하여 선발합니다.,http://ece.snu.ac.kr/community/schoarships?md=v&bbsidx=57861,http://ece.snu.ac.kr/community/schoarships?md=v&bbsidx=57861,ko,2026-10-06T06:03:47+00:00,2026-10-07T06:45:47+00:00,gemma-4-26B-A4B-it-UD-Q4_K_M
203,2026학년도 2학기 삼성꿈장학재단 글로벌 희망 장학생(Global Hope Scholarship) 추천 안내(대상: 외국인 유학생),Global Hope Scholarship,Samsung Dream Scholarship Foundation,South Korea,bachelor;master;phd,,full,2026-07-08,2026. 7. 8.(수)까지,no,1,list,"Сонгогч нь Сөүлийн их сургуулийн бакалавр, магистр эсвэл докторын хөтөлбөрт суралцаж буй эсвэл шинээр элсэгч гадаад оюутан байх ёстой. Мөн DAC List of ODA Recipients жагсаалтад орсон хөгжиж буй орны иргэн байх шаардлагатай (Гэхдээ Монгол улсын иргэд энэ тэтгэлэгт хамрагдах боломжгүй). TOPIK 2 түвшний хэлний мэдлэгтэй байх шаардлагатай.","※ 현 본교장학생 국적을 고려한 재단의 방침에 따라T/O , 몽골국적 선발 불가",http://naoe.snu.ac.kr/news/notice?md=v&bbsidx=21419,http://naoe.snu.ac.kr/news/notice?md=v&bbsidx=21419,ko,2026-10-06T05:10:39+00:00,2026-10-07T06:41:06+00:00,gemma-4-26B-A4B-it-UD-Q4_K_M
201,2026년 2학기 삼성꿈장학재단 글로벌 희망 장학생 선발 안내,Global Hope Scholarship,Samsung Dream Scholarship Foundation,South Korea,bachelor;master;phd;research,,full,2026-07-08,2026. 7. 8.(수) 11시까지,no,1,unclear,"Сонгуны болон магистр, докторын түвшинд суралцаж буй эсвэл шинээр элсэх гадаад оюутнууд (DAC List of ODA Recipients-д хамаарах хөгжиж буй орнуудын иргэд). TOPIK 2-р түвшнээс дээш оноктой байх шаардлагатай. Гэхдээ Монгол улсын иргэд энэ удаагийн шалгаруулалтад хамрагдах боломжгүй.",몽골 국적 지원이 제한되며 베트남 외 국적자를 우대하여 선발합니다.,http://ece.snu.ac.kr/community/schoarships?md=v&bbsidx=57861,http://ece.snu.ac.kr/community/schoarships?md=v&bbsidx=57861,ko,2026-10-06T05:10:27+00:00,2026-10-07T06:40:57+00:00,gemma-4-26B-A4B-it-UD-Q4_K_M
361,Chevening Scholarships,Chevening Scholarships,UK Government,United Kingdom,master,,full,2026-07-10,10 Jul 2026,yes,1,all,Дэлхийн өнцөг булан бүрээс ирж буй шилдэг залуу удирдагчдад зориулсан энэхүү тэтгэлэг нь Их Британи улсад нэг жилийн магистрын хөтөлбөрт суралцах боломжийг олгодог.,Chevening Scholarships enable outstanding emerging leaders from all over the world to pursue one-year master’s degrees in the UK.,https://www.mastersportal.com/scholarships/1592/chevening-scholarships.html,https://www.mastersportal.com/scholarships/1592/chevening-scholarships.html,en,2026-10-06T08:21:26+00:00,2026-10-07T06:50:14+00:00,gemma-4-26B-A4B-it-UD-Q4_K_M
105,Early-Career Research Fellowships - ARUA,Early-Career Research Fellowships - ARUA,African Research Universities Alliance (ARUA),Africa,postdoc,Natural Sciences;Humanities;Public Health;Green Transition;Innovation & Technology;Capacities for Science,full,2026-07-15,15th July 2026,no,1,unclear,"Африкын үндэсний PhD зэрэгтэй, PhD төгс Rottөөсөө 5 жил хэтрээгүй, 35 хүртэлх насны эрэмбэлэгдсэн судлаач нар (ялангуяа эмэгтэйчүүд) горилогдоно.",Applicants must be African nationals who have a PhD in a discipline/sub-discipline related to the thematic area of the Centre of Excellence or Cluster of Research Excellence.,https://arua.org/early-career-research-fellowships/,https://arua.org/early-career-research-fellowships/,en,2026-10-06T05:02:32+00:00,2026-10-07T06:35:00+00:00,gemma-4-26B-A4B-it-UD-Q4_K_M
363,БҮГД НАЙРАМДАХ АРДЧИЛСАН ЛАОС АРД УЛСЫН ЗАСГИЙН ГАЗРЫН 2026–2027 ОНЫ ХИЧЭЭЛИЙН ЖИЛИЙН ТЭТГЭЛЭГ ЗАРЛАГДЛАА,Lao People's Democratic Republic Government Scholarship,Lao People's Democratic Republic Ministry of Education and Sports,Laos,bachelor;master,,full,2026-07-31,2026 оны 7 дугаар сарын 31-ны 17:00 цаг хүртэл.,yes,1,list,Монгол Улсын иргэн байх шаардлагатай. Өмнө нь Лаос улсын Засгийн газрын тэтгэлгээр суралцаагүй байх ёстой бөгөөд суралцах түвшний өмнөх боловсролын зэрэгтэй байх шаардлагатай.,"Бүгд Найрамдах Ардчилсан Лаос Ард Улсын Боловсрол, спортын яам 2026–2027 оны хичээлийн жилд Монгол Улсын иргэдэд нийт 9 тэтгэлэг олгоно.",https://scholarship.esis.edu.mn,https://scholarship.esis.edu.mn/grant/news%20more.html?more=94,mn,2026-10-06T08:21:57+00:00,2026-10-07T06:50:29+00:00,gemma-4-26B-A4B-it-UD-Q4_K_M
362,БҮГД НАЙРАМДАХ БОЛГАР УЛСЫН ЗАСГИЙН ГАЗРЫН 2026–2027 ОНЫ ХИЧЭЭЛИЙН ЖИЛИЙН ТЭТГЭЛЭГ ЗАРЛАГДЛАА,Government of the Republic of Bulgaria Scholarship,Government of the Republic of Bulgaria,Bulgaria,bachelor;master;phd,Agriculture;Food Engineering,full,2026-07-31,2026 оны 7 дугаар сарын 31-ны 17:00 цаг хүртэл,yes,1,all,"Монгол Улсын иргэн байх шаардлагатай. Бакалаврын түвшинд голч дүн 85-аас дээш (эсвэл 3.0+), магистрын түвшинд 3.2+ ба 35 хүртэлх нас, докторын түвшинд 3.0+ ба 45 хүртэлх насны иргэд тавигдах шаардлагатай.",Монгол Улсын иргэн байх;,https://scholarship.esis.edu.mn,https://scholarship.esis.edu.mn/grant/news%20more.html?more=95,mn,2026-10-06T08:21:54+00:00,2026-10-07T06:50:18+00:00,gemma-4-26B-A4B-it-UD-Q4_K_M
317,KAS Sur-Place-Stipendien,KAS Sur-Place Scholarships,Konrad-Adenauer-Stiftung,Mongolia,bachelor,Politics;Law;Economics;International Relations;Administration;History;Journalism;Philosophy,stipend_only,2026-07-31,31.07. des aktuellen Jahres,yes,1,all,"Монгол улсын иргэн байх, 25 хүртэлх насны, нийгэм, улс төр, соёл эсвэл сайн дурын үйл ажиллагаатай, Монголын дээд боловсролын байгууллагад суралцаж буй, дор хаяж хоёр улирал суلسсан, GPA 3.0-аас дээштай, герман эсвэл англи хэлний B1 түвшний мэдлэгтэй байх шаардлагатай.",Im Rahmen dieser Förderung vergibt die KAS Mongolei Stipendien an mongolische Studierende.,https://www.kas.de/de/web/mongolei/kas-sur-place-stipendien,https://www.kas.de/de/web/mongolei/kas-sur-place-stipendien,de,2026-10-06T06:06:04+00:00,2026-10-07T06:48:11+00:00,gemma-4-26B-A4B-it-UD-Q4_K_M
227,2026-2027 슬로바키아 정부초청 장학생 선발 안내,Slovak Government Scholarship,Slovak Government,Slovakia,bachelor;master,,stipend_only,2026-07-31,~2026.7.31(금) 23:59 *중앙유럽 일광절약시간(CEST) 기준,yes,1,all,"Баклавр, бакалавр-магистр болончлон болон магистрын хөтөлбөрт элсэгчдэд зориулагдсан.",Scholarships for talented students from all over the world,https://scholarships.portalvs.sk/,https://www.yonsei.ac.kr/sc/254/subview.do?enc=Zm5jdDF8QEB8JTJGYmJzJTJGc2MlMkY1OCUyRjk0MzcyMSUyRmFydGNsVmlldy5kbyUzRg%3D%3D,ko,2026-10-06T05:12:05+00:00,2026-10-07T06:42:22+00:00,gemma-4-26B-A4B-it-UD-Q4_K_M
210,2026-2027 슬로바키아 정부초청 장학생 선발 안내 | 아주대학교 일반대학원,Slovak Government Scholarship,Slovak Government,Slovakia,bachelor;master,,full,2026-07-31,2026.7.31.(금) 23:59,yes,1,unclear,"Бакалавр, бакалавр-магистр болон магистр хөтөлбөрт элсэх оюутнууд.",Scholarships for talented students from all over the world,https://scholarships.portalvs.sk/,https://aiu.ajou.ac.kr/gs/community/notice.do?mode=view&articleNo=372635,ko,2026-10-06T05:11:11+00:00,2026-10-07T06:41:29+00:00,gemma-4-26B-A4B-it-UD-Q4_K_M
198,第 14 回（2027 年）BDK 日本人留学生奨学金,BDK Japanese Fellowship,BDK,Japan,postdoc;master;phd,Buddhist Studies,full,2026-07-31,2026 年 7 月 31 日迄（締切必着）,no,1,unclear,"Бурханлаг судлал эрхэлж буй Япон улсын иргэн байх шаардлагатай. Судологийн түвшинд (магистр, докторт эсвэл доктор цол авсан) Буддын шашны эрдэм шинжилгээний судалгаа хийж буй залуу судлаач эсвэл оюутан байх ёстой.","(1) 日本国籍を有する者
（在日外国人、二重国籍、日本永住権を有する者などは応募不可）",https://www.bdk.or.jp/document/shogakusei/2027_01_14th.pdf,https://www.bdk.or.jp/document/shogakusei/2027_01_14th.pdf,ja,2026-10-06T05:10:14+00:00,2026-10-07T06:40:49+00:00,gemma-4-26B-A4B-it-UD-Q4_K_M
135,Болгарын Засгийн газрын 2026-2027 оны хичээлийн жилийн тэтгэлэгт хөтөлбөр зарлагдлаа,Bulgarian Government Scholarship Programme,Government of the Republic of Bulgaria,Bulgaria,bachelor;master;phd,,full,2026-07-31,2026 оны 7 дугаар сарын 31-ны 17:00 цаг хүртэл,yes,1,all,"Монгол Улсын иргэн байх шаардлагатай. Бакалаврын түвшинд бүрэн дунд боловсролтой, магистрын түвшинд бакалаврын зэрэгтэй (35 хүртэлх насны), докторын түвшинд магистрын зэрэгтэй (45 хүртэлх насны) байх ёстой. Өмнө нь Болгар улсын Засгийн газрын тэтгэлгээр суралцаагүй байх шаардлагатай.",Монгол Улсын иргэдэд нийт 8 тэтгэлэг олгох ажээ.,https://scholarship.esis.edu.mn,https://www.montsame.mn/mn/read/404461,mn,2026-10-06T05:05:07+00:00,2026-10-07T06:36:52+00:00,gemma-4-26B-A4B-it-UD-Q4_K_M
125,БҮГД НАЙРАМДАХ БОЛГАР УЛСЫН ЗАСГИЙН ГАЗРЫН 2026–2027 ОНЫ ХИЧЭЭЛИЙН ЖИЛИЙН ТЭТГЭЛЭГ ЗАРЛАГДЛАА,Government of the Republic of Bulgaria Scholarship,Government of the Republic of Bulgaria,Bulgaria,bachelor;master;phd,,full,2026-07-31,2026 оны 7 дугаар сарын 31-ны 17:00 цаг хүртэл,yes,1,all,"Монгол Улсын иргэн байх шаардлагатай. Бакалаврын түвшинд дунд боловсролын дүн 85-аас дээш эсвэл их сургуулийн 1, 2 түвшинд 3.0 ба түүнээс дээш байх ёстой. Магистрын түвшинд бакалаврын зэрэгтэй, голч дүн 3.2 ба түүнээс дээш, 35 хүртэлх насны иргэн байх шаардлагатай. Докторын түвшинд магистрын зэрэгтэй, голч дүн 3.0 ба түүнээс дээш, 45 хүртэлх насны иргэн байх шаардлагатай.",Монгол Улсын иргэдэд нийт 8 тэтгэлэг олгоно.,https://scholarship.esis.edu.mn,https://moe.gov.mn/post/176952,mn,2026-10-06T05:04:10+00:00,2026-10-07T06:36:29+00:00,gemma-4-26B-A4B-it-UD-Q4_K_M
37,Swiss Government Excellence Scholarships,Swiss Government Excellence Scholarships,Swiss Confederation,Switzerland,,,full,2026-08-20,"Applications are open here starting August 20, 2026.",yes,1,all,Олон улсын солилцоо болон судалгааны хамтын ажиллагааг дэмжих зорилгоор Швейцарийн Конфедераци нь 180 гаруй орны иргэдэд зориулан энэхүү тэтгэлгийг олгодог.,Each year the Swiss Confederation awards Government Excellence Scholarships to encourage international exchange and research cooperation between Switzerland and over 180 other countries.,https://www.sbfi.admin.ch/en/faq-swiss-government-excellence-scholarships,https://www.sbfi.admin.ch/en/faq-swiss-government-excellence-scholarships,en,2026-10-06T04:56:42+00:00,2026-10-07T06:31:25+00:00,gemma-4-26B-A4B-it-UD-Q4_K_M
193,大使館推薦による国費外国人留学生（研究留学生）,MEXT Scholarship (Research Students) via Embassy Recommendation,"Ministry of Education, Culture, Sports, Science and Technology (MEXT)",Japan,research,,full,2026-09-01,2026年9月1日(日本時間),unclear,1,unclear,"Эмбассадын санал болгох MEXT тэтгэлэгт судалгааны чиглэлээр суралцах гадаад оюутнууд хамрагдах боломжтой. Суралцагчид тухайн улсын Японы Эмбассадаас зааварчилгаа авч, шалгуур хангасан байх шаардлагатай.",大使館推薦による国費外国人留学生（研究留学生）に関する情報を提供します。,https://www.nihon-u.ac.jp/international/international_students/mext_scholarship/,https://www.nihon-u.ac.jp/international/international_students/mext_scholarship/,ja,2026-10-06T05:10:01+00:00,2026-10-07T06:40:31+00:00,gemma-4-26B-A4B-it-UD-Q4_K_M
189,国費留学生,Japanese Government (MEXT) Scholarship,Japanese Government (MEXT),Japan,bachelor;master;phd,,full,2026-09-01,2027年度内諾書申請期限：【2026年9月1日（火）（日本時間）】,yes,1,unclear,"Япон улсын засгийн газрын (MEXT) тэтгэлэгт оюутан болохын тулд элсэгч нь тухайн улс дахь Япон улсын Элчин сайдын яам эсвэл Консулын газраар дамжуулан (Embassy Recommendation) эсвэл Осака их сургуулийн тодорхой хөтөлбөрүүдээр дамжуулан (University Recommendation) өргөдөл гаргах боломжтой. Энэ нь бакалавр болон магистр, докторын түвшинд нээлттэй.",本学で受け入れる国費留学生（日本政府（文部科学省）奨学金留学生）は、大学院レベルと学部レベルとに区分され、申請方法は、大使館推薦・大学推薦の二つがあります。,https://www.osaka-u.ac.jp/ja/international/inbound/admission.html,https://www.osaka-u.ac.jp/ja/international/inbound/admission.html,ja,2026-10-06T05:09:48+00:00,2026-10-07T06:40:11+00:00,gemma-4-26B-A4B-it-UD-Q4_K_M
91,KAIST Graduate Scholarship 2027 in South Korea (Funded),KAIST Graduate Scholarship,Korea Advanced Institute of Science and Technology (KAIST),South Korea,master;phd,Natural Sciences;Life Science and Bioengineering;Engineering;Liberal Arts and Convergence Science;Business,full,2026-09-01,1st September 2026,yes,1,unclear,"Олон улсын оюутнууд, БНСУ-ын иргэн биш хүмүүс горилогдоно. Мастер болон PhD хөтөлбөрт хамрагдах горилогчид холбогдох зэрэг actually эсвэл төгсөх шальтай байх шаардлагатай. Англи хэлний мэдлэгийн шаардлагатай.","The scholarship is available to students from all countries who wish to pursue Master’s, Master’s leading to PhD, or PhD programs at KAIST.",https://opportunitiescorners.com/kaist-graduate-scholarship-2027/,https://opportunitiescorners.com/kaist-graduate-scholarship-2027/,en,2026-10-06T05:01:35+00:00,2026-10-07T06:34:15+00:00,gemma-4-26B-A4B-it-UD-Q4_K_M
145,"2026-2027 оны хичээлийн жилийн намрын улиралд “Оюутны хөгжлийн зээл”, “Буцалтгүй тусламж”, “Тэтгэлэг”-ээр суралцах хүсэлт гаргаж буй оюутнуудын анхааралд",NUM Student Development Support,National University of Mongolia,Mongolia,bachelor;master;phd,Teaching;Social Work;Psychology,tuition_only,2026-09-11,2026 оны 08 дугаар сарын 24-ний өдрөөс 09 дүгээр сарын 11-ний өдрийг хүртэл,yes,1,all,"Монгол Улсын иргэн байх шаардлагатай. Оюутны хөгжлийн зээл авахад бакалавр, магистр, докторын хөтөлбөрт анхлан суралцагч байх шаардлагатай бөгөөд буцалтгүй тусламж болон тэтгэлэгт тодорхой нөхцөлүүд (өнчин, хөгжлийн бэрхшээлтэй, эсвэл тодорхой мэргэжил сонгосон суралцагч гэх мэт) хамаарна.",Монгол Улсын иргэн байх,https://news.num.edu.mn/?p=116714,https://news.num.edu.mn/?p=116714,mn,2026-10-06T05:05:47+00:00,2026-10-07T06:37:29+00:00,gemma-4-26B-A4B-it-UD-Q4_K_M
70,University of Sydney International Stipend Scholarship (USYDIS) 2026-2027,University of Sydney International Stipend Scholarship,University of Sydney,Australia,master;phd,Research,stipend_only,2026-09-11,11 Sept/18 Dec 2026,yes,1,unclear,"Энэхүү тэтгэлэг нь Сиднейгийн их сургуульд судалгааны чиглэлээр магистр эсвэл PhD хөтөлбөрт суралцах эсвэл суралцаж буй өндөр амжилттай, судалгааны чадамжтай олон улсын оюутнуудад зориулагдсан.","The University of Sydney International Stipend Scholarship (USYDIS), funded by the University of Sydney, provides a yearly scholarship to high quality international postgraduate students who wish to study a master’s by research or PhD.",https://www.sydney.edu.au/scholarships/australian-government-research-training-program/rtp-international.html,https://www.scholars4dev.com/2053/international-scholarships-at-university-of-sydney/,en,2026-10-06T04:58:45+00:00,2026-10-07T06:33:04+00:00,gemma-4-26B-A4B-it-UD-Q4_K_M
259,Early independence: career development fellowship,Early independence: career development fellowship,UKRI,United Kingdom,,,full,2026-09-15,15 September 2026 at 4:00pm UK time,unclear,0,unclear,"Энэхүү тэтгэлэг нь судалгааны байгууллагаар дамжуулан мэдүүлэг гаргах боломжтой, карьерын хөгжлийн шатны судлаачдад зориулагдсан бөгөөд тэдгээр нь тухайн байгууллагын судалгааны албатай хамтран ажиллах шаардлагатай.",,https://www.ukri.org/opportunity/early-independence-career-development-fellowship/,https://www.ukri.org/opportunity/early-independence-career-development-fellowship/,en,2026-10-06T06:02:06+00:00,2026-10-07T06:44:12+00:00,gemma-4-26B-A4B-it-UD-Q4_K_M
50,AAUW International Fellowships in USA for Women 2026-2027,AAUW International Fellowships,AAUW,United States,master;phd;postdoc,STEM;Science;Technology;Engineering;Mathematics;Medicine,stipend_only,2026-09-17,17 Sept 2026 (annual),yes,1,unclear,"Америкийн Их, эрдэмч эмэгтэйчүүдийн холбооноос (AAUW) гаргасан энэхүү тэтгэлэг нь АНУ-ын иргэн бус болон байнгын оршин суугч биш эмэгтэйчүүдэд зориулагдсан. Тус тэтгэлэг нь STEM болон медициний чиглэлээр магистр, докторант болон постдок судалгаа хийхээр суралцах эмэгтэйчүүдийг дэмжинэ.",AAUW (the American Association of University Women) awards International Fellowships for full-time study or research in the United States to women who are not United States citizens or permanent residents.,https://www.aauw.org/resources/programs/fellowships-grants/aauw-international-fellowships/,https://www.scholars4dev.com/1877/aauw-international-fellowships-in-usa-for-women/,en,2026-10-06T04:57:43+00:00,2026-10-07T06:32:03+00:00,gemma-4-26B-A4B-it-UD-Q4_K_M
314,ERP,ERP Scholarship Program,Studienstiftung des deutschen Volkes,United States,master;phd,,full,2026-09-20,20. September,unclear,1,unclear,"Баклаврын бага зэрэгтэй, урлагийн чиглэлээс бусад бүх мэргэжлийн оюутнууд горилогдох боломжтой. Хэрэв та герман улсын иргэн биш бол тусгай шаардлагыг шалгана уу.","Wenn Sie sich für das ERP-Stipendienprogramm interessieren, aber nicht im Besitz der deutschen Staatsangehörigkeit sind, können Sie hier nachlesen, ob Sie die formalen Bewerbungsvoraussetzungen für eine Bewerbung erfüllen.",https://www.studienstiftung.de/erp,https://www.studienstiftung.de/erp,de,2026-10-06T06:05:55+00:00,2026-10-07T06:47:57+00:00,gemma-4-26B-A4B-it-UD-Q4_K_M
272,Erasmus Mundus MARIHE 2027 бүрэн тэтгэлэгт магистрын хөтөлбөрт өргөдөл авч эхэллээ,Erasmus Mundus MARIHE Scholarship,European Union,Austria,master,Research and Innovation in Higher Education;Higher Education Management,full,2026-09-21,2026 оны 9 дүгээр сарын 21,yes,1,unclear,"Бакалаврын зэрэгтэй, дээд боловсролын судалгаа, инновацын менежментийн чиглэлээр суралцах хүсэлтэй, англи хэлний мэдлэгтэй дэлхийн өнцөг булан бүрийн оюутнууд өргөдөл гаргах боломжтой.",Энэхүү хөтөлбөр нь дэлхийн өнцөг булан бүрийн оюутнуудад нээлттэй бөгөөд хоёр жилийн хугацаанд Европ болон Азийн нэр хүндтэй долоон их сургуулийн хамтарсан сургалтад хамрагдах боломжийг олгодог.,https://www.yolo.mn/news/12522,https://www.yolo.mn/news/12522,mn,2026-10-06T06:03:10+00:00,2026-10-07T06:45:07+00:00,gemma-4-26B-A4B-it-UD-Q4_K_M
356,Монгол Улсын Засгийн газрын тэтгэлэгт хамрагдах тухай /Тэргүүлэх мэргэжлийн чиглэл/,Government of Mongolia Scholarship,Government of Mongolia,Mongolia,bachelor;master;phd,leading professions;in-demand professions,full,2026-09-24,2026 оны 09 дүгээр сарын 11-ээс 09 дүгээр сарын 24-ний өдрийг дуустал,yes,1,all,"Монгол Улсын иргэн байх ёстой бөгөөд дотоодын сургалтын байгууллагад тэргүүлэх эсвэл эрэлттэй мэргэжлийн чиглэлээр бакалавр, магистр, докторын үндсэн хөтөлбөрт суралцаж буй байх шаардлагатай. Мөн мэргэжлийн чиглэлээс хамаарч ажилласан туршлага болон дүнгийн шаардлага тавигдана.","Монгол Улсад шаардлагатай тэргүүлэх мэргэжлээр дотоодын сургалтын байгууллагад бакалавр, магистр, докторын үндсэн хөтөлбөрт суралцагч Монгол Улсын иргэн байх",https://news.num.edu.mn/?p=117332,https://news.num.edu.mn/?p=117332,mn,2026-10-06T08:21:03+00:00,2026-10-07T06:50:02+00:00,gemma-4-26B-A4B-it-UD-Q4_K_M
136,Шинэ монгол–Мабүчи сангийн 2026–2027 оны хичээлийн жилийн тэтгэлэгт хөтөлбөр зарлагдлаа,New Mongolia–Mabuchi Foundation Scholarship,New Mongolia–Mabuchi Foundation,Mongolia,bachelor;master,,tuition_only,2026-09-27,2026.08.10–2026.09.27,yes,1,unclear,"Монгол Улсын дотоодын их, дээд болон Коосэн сургуулийн бакалавр болон магистрын хөтөлбөрт суралцаж буй, сурлагын амжилттай (GPA 3.2+), санхүүгийн дэмжлэг шаардлагатай оюутнууд.","Монгол Улсын дотоодын их, дээд болон Коосэн сургуулийн бакалаврын өдрийн хөтөлбөрт суралцдаг байх;",https://www.yolo.mn/news/12709,https://www.yolo.mn/news/12709,mn,2026-10-06T05:05:07+00:00,2026-10-07T06:36:56+00:00,gemma-4-26B-A4B-it-UD-Q4_K_M
342,Fellowships - INQUA,INQUA Fellowship Program,INQUA,,,Quaternary research,partial,2026-09-30,30 September 2026,yes,1,unclear,Эртний шатрын судалгааны салбарын эртний карьертай эрдэмтэд (ECR) болон бага болон дунд орлоготой орны (DCR) эрдэмтэд горилогдоно.,"The INQUA Fellowship Program financially supports early-career scientists (ECRs), as well as scientists from low- and middle-income countries/developing countries (DCRs), to gain international Quaternary research experience at a foreign institution for the duration of 3–6 months.",https://www.inqua.org/projects-fellowships/fellowships,https://www.inqua.org/projects-fellowships/fellowships,en,2026-10-06T06:11:47+00:00,2026-10-07T06:35:14+00:00,gemma-4-26B-A4B-it-UD-Q4_K_M
234,2027 GKS-U (Global Korea Scholarship for University) Embassy Track Application Notice 정ㅜ초청 외국인 학부 장학생 모집 안내,Global Korea Scholarship for University (GKS-U),National Institute for International Education (NIIED),South Korea,bachelor,,full,2026-09-30,2026. 9. 15.(화) 11:00 ~ 9. 30.(수) 18:00,unclear,1,unclear,"БНБ-ын элчин сайдын яамны дамжуулалтаар (Embassy Track) 2027 оны GKS-U тэтгэлэгт хамрагдах боломжтой. Нарийн шаардлага, сонгон шалгаруулах хугацаа болон шаардлагатай бичиг баримтыг тухайн улсын БНСУ-ын элчин сайдын яамны зарлалаас харах шаардлагатай.","국가별 모집 인원 및 지원 자격, 재외공관별 세부 일정과 제출서류가 다를 수 있으므로 반드시 지원 국가의 대한민국 재외공관 공고 및 2027 GKS-U 모집요강 전체 내용을 확인하시기 바랍니다.",https://www.tu.ac.kr/global/sub05_01.do?mode=view&articleNo=425638&title=2027+GKS-U+%28Global+Korea+Scholarship+for+University%29+Embassy+Track+Application+Notice+%EC%A0%95%EB%B6%80%EC%B4%88%EC%B2%AD+%EC%99%B8%EA%B5%AD%EC%9D%B8+%ED%95%99%EB%B6%80+%EC%9E%A5%ED%95%99%EC%83%9D+%EB%AA%A8%EC%A7%91+%EC%95%88%EB%82%B4,https://www.tu.ac.kr/global/sub05_01.do?mode=view&articleNo=425638&title=2027+GKS-U+%28Global+Korea+Scholarship+for+University%29+Embassy+Track+Application+Notice+%EC%A0%95%EB%B6%80%EC%B4%88%EC%B2%AD+%EC%99%B8%EA%B5%AD%EC%9D%B8+%ED%95%99%EB%B6%80+%EC%9E%A5%ED%95%99%EC%83%9D+%EB%AA%A8%EC%A7%91+%EC%95%88%EB%82%B4,ko,2026-10-06T05:12:30+00:00,2026-10-07T06:42:49+00:00,gemma-4-26B-A4B-it-UD-Q4_K_M
232,2027 GKS Undergraduate Scholarship Applications,Global Korea Scholarship,Government of the Republic of Korea,South Korea,bachelor,,full,2026-09-30,"September 15 to 30, 2026",yes,1,unclear,"БНБ-ийн (GKS) оюутан горилогчдын хөтөлбөрт өргөдөл гаргах горилогчдын хувьд үндсэн шаардлага нь: төрсөн он (2002 оны 3-р сарын 1-ээс хойш), эрдэм боловсролын түвшин, сурлагын амжилт болон үндэсний харьяалал юм. Дипломат төлөөлөгчийн хөтөлбөрт (Embassy Track) тодорхойлсон орнуудын иргэд тавигдах шаардлагыг хангасан байх ёстой бол, Их сургуулийн хөтөлбөрийн (University Track) UIC хөтөлбөр нь дэлхийн бүх орны иргэдэд нээлттэй.","However, the UIC track under the university admissions process is open to applicants from all countries worldwide.",https://kstudytimes.kr/news/scholarships/2026/09/2027-gks-undergraduate-scholarship-application,https://kstudytimes.kr/news/scholarships/2026/09/2027-gks-undergraduate-scholarship-application,en,2026-10-06T05:12:22+00:00,2026-10-07T06:42:42+00:00,gemma-4-26B-A4B-it-UD-Q4_K_M
231,"2027년 정부초청 외국인 학부 장학생(GKS-U, Global Korea Scholarship) 모집",Global Korea Scholarship,National Institute for International Education (NIIED),South Korea,bachelor,,full,2026-09-30,2026. 9. 30.(수) 18:00 (한국시간 기준),unclear,1,unclear,БНБ-ийн (NIIED) зохион байгуулж буй 2027 оны GKS-U (Global Korea Scholarship) тэтгэлэгт горилогчид тавигдах нарийвчилсан шаардлагыг 「2027 GKS-U Application Guidelines」 баримт бичгээс харах ёстой.,지원자격 : 붙임자료 「2027 GKS-U Application Guidlines」 참조,https://www.studyinkorea.go.kr/ko/plan/scholarship.do,https://www.mofa.go.kr/eg-ko/brd/m_11508/view.do?seq=1343967,ko,2026-10-06T05:12:21+00:00,2026-10-07T06:42:39+00:00,gemma-4-26B-A4B-it-UD-Q4_K_M
221,2027년 대한민국 정부초청 외국인 학부 장학생(GKS-U) 선발 안내,Global Korea Scholarship - Undergraduate (GKS-U),National Institute for International Education (NIIED),South Korea,exchange;bachelor;short_course,,full,2026-09-30,"2026년 9월 30일(수) 18:00 (한국시간, KST)",no,1,unclear,"Украйнаас ирсэн, эцэг эх нь гадаад улсын иргэн байх ёстой, 25 хүртэлх насны, дунд боловсрол эсвэл мэргэжлийн боловсрол эзэмшсэн, академик амжилттай (80% буюу түүнээс дээш) горилогч оюутнууд горилоход тохиромжтой.","본 프로그램은 우크라이나 학생들에게 대한민국의 고등교육기관에서 수학할 기회를 제공하고, 국제 교육 교류를 촉진하며, 양국 간 우호 관계 발전에 기여하는 것을 목적으로 합니다.",https://www.uakoreaedu.org/kr/notification/2027-GKS-U-Selection,https://www.uakoreaedu.org/kr/notification/2027-GKS-U-Selection,ko,2026-10-06T05:11:51+00:00,2026-10-07T06:42:08+00:00,gemma-4-26B-A4B-it-UD-Q4_K_M
199,奨学事業 | 大学院(博士号取得)留学応募 | 船井情報科学振興財団,Funai Overseas Scholarship,Funai Foundation for Information Science,Japan,phd,Information Science;Information Technology;Science and Engineering;Life Sciences;Medicine;Economics;Management,full,2026-09-30,2026年9月30日（水）23:59,no,1,unclear,Монгол улсын иргэд уг тэтгэлэлтэд өргөдөл гаргах боломжгүй. Тэтгэлэгт шаардлага тавигдах шаардлага бол Японы иргэн байх эсвэл Японд оршин суух эрхтэй байх явдал юм.,日本国籍を有する又は日本への永住が許可されていることを条件とする。,https://funaifoundation.jp/scholarship/scholarship_guidelines_phd.html,https://funaifoundation.jp/scholarship/scholarship_guidelines_phd.html,ja,2026-10-06T05:10:25+00:00,2026-10-07T06:40:50+00:00,gemma-4-26B-A4B-it-UD-Q4_K_M
184,募集要項,Nomura Foundation Scholarship,Nomura Foundation,Japan,master;phd,Humanities;Social Sciences,stipend_only,2026-09-30,2026年9月30日（水） 17時 (日本時間),yes,1,all,"2027 оны 4-р сарын 1-ний байх үед томилогдсон их сургуулиудын магистр эсвэл докторын хөтөлбөрт хүмүүн судлал болон нийгмийн шинжлэлийн чиглэлээр суралцах тэтгэлэгт горилогч гадаад оюутан байх ёстой. Хэлний түвшин: Япон хэлээр чөлөөтэй харилцах чадвартай, эдийн засгийн тусламж шаардлагатай, сурлагын амжилттай, 35 хүртэлх насны, Японд оршин суух эрхтэй байх шаардлагатай. Үүнд үндэслэлийн хувьд үндэс угсаа, хүйс ялгаварлалт байхгүй.",国籍、人種、性別を問いません。,https://www.nomurafoundation.or.jp/scholar/guideline.html,https://www.nomurafoundation.or.jp/scholar/guideline.html,ja,2026-10-06T05:09:37+00:00,2026-10-07T06:39:55+00:00,gemma-4-26B-A4B-it-UD-Q4_K_M
325,Stipendienbewerbung - Rosa-Luxemburg-Stiftung,Rosa-Luxemburg-Stiftung Scholarship,Rosa-Luxemburg-Stiftung,Germany,bachelor;master;phd,,stipend_only,2026-10-01,Bewerbungsschluss ist der 1. Oktober 2026 23:59 Uhr.,yes,1,unclear,Докторын зэрэг болон оюутан нарт зориулсан тэтгэлэгт хөтөлбөр бөгөөд дотоод болон олон улсын оюутнууд (international students) өргөдөл гаргах боломжтой.,Bewerben können Sie sich für ein Studienstipendium für inländische Studierende und für internationale Studierende und für ein Promotionsstipendium.,https://www.rosalux.de/stipendienbewerbung,https://www.rosalux.de/stipendienbewerbung,de,2026-10-06T06:06:45+00:00,2026-10-07T06:48:35+00:00,gemma-4-26B-A4B-it-UD-Q4_K_M
182,海外留学支援制度（大学院学位取得型）,JASSO Scholarship for Graduate Students (Degree-seeking),Japan Student Services Organization (JASSO),Japan,master;phd,,stipend_only,2026-10-01,10月上旬,unclear,0,unclear,Мастер эсвэл докторын зэрэг хамгаалахаар гадаад улсад суралцах оюутнуудад зориулсан тэтгэлэг.,,https://www.jasso.go.jp/ryugaku/scholarship_a/daigakuin/index.html,https://www.jasso.go.jp/ryugaku/scholarship_a/daigakuin/index.html,ja,2026-10-06T05:09:24+00:00,2026-10-07T06:39:44+00:00,gemma-4-26B-A4B-it-UD-Q4_K_M
56,Hubert Humphrey Fellowships in USA for International Students 2026-2027 | Scholars4Dev,Hubert Humphrey Fellowship Program,USA Government,United States,postdoc;short_course,"Agricultural and Rural Development;Communications/Journalism;Economic Development;Educational Administration, Planning and Policy;Finance and Banking;Higher Education Administration;HIV/AIDS Policy and Prevention;Human Resource Management",full,2026-10-01,before 1 Oct (annual),yes,1,unclear,"Тандвч нь бакалаврын зэрэгтэй, мэргэжлийн салбарт дор хаяж таван жил бүрэн цагаар ажилласан туршлагатай, АНУ-д ажиллаж үзээгүй эсвэл бага туршлагатай, манлайлах чадвартай, олон нийтийн үйлчилгээний туршлагатай, англи хэлээр харилцах чадвартай байх шаардлагатай. Өмчийн бүс нутгийн дагуу тодорхойлсон улс орны иргэд хамрагдах боломжтой.","Citizens of eligible countries in Sub-Saharan Africa, Europe and Eurasia, Middle East and North Africa, East Asia and Pacific, South and Central Asia, and Western Hemisphere.",http://humphreyfellowship.org/,https://www.scholars4dev.com/2887/hubert-humphrey-fellowships-for-international-students/,en,2026-10-06T04:58:01+00:00,2026-10-07T06:32:26+00:00,gemma-4-26B-A4B-it-UD-Q4_K_M
176,CWAJ奨学金,CWAJ Scholarship,College Women's Association of Japan,Japan,postdoc;master;phd,,stipend_only,2026-10-05,2026年10月５日,yes,1,unclear,2027 оны хичнээн төрлийн тэтгэлэг олгох бөгөөд үүнд гадаад оюутнууд (CWAJ外国人留学生大学院女子奨学金) болон харааны бэрхшээлтэй оюутнууд багтсан байна. Тэтгэлэг горилох хугацаа 2026 оны 7 дугаар сарын дунд үеэс эхэлнэ.,外国人留学生対象の奨学金（学部生/IUC研究センターなど）,https://cwaj.org/jp/scholarship/,https://cwaj.org/jp/scholarship/,ja,2026-10-06T05:09:02+00:00,2026-10-07T06:39:27+00:00,gemma-4-26B-A4B-it-UD-Q4_K_M
235,제36기 미래에셋 해외교환 장학생 선발 안내(2027년 봄학기 파견 대비) (9.30~10.6.화 15시),Mirae Asset Overseas Exchange Scholarship,Mirae Asset Park Hyeon Joo Foundation,South Korea,,,stipend_only,2026-10-06,9.30~10.6.화 15시,no,1,unclear,2027 оны хавар улиралд гадаад солилцооны хөтөлбөрт хамрагдах төлөвлөгөөтэй оюутнууд.,미래에셋박현주재단에서는 2027년 봄학기 해외교환 파견 예정 학생들을 대상으로 제36기 미래에셋 해외교환 장학생을 선발하오니 관심 있는 학생들의 많은 지원 바랍니다.,https://scatch.ssu.ac.kr/%EA%B3%B5%EC%A7%80%EC%82%AC%ED%95%AD/?f=all&category=%EC%99%B8%EA%B5%AD%EC%9D%B8%EC%9C%A0%ED%95%99%EC%83%9D&paged=6&keyword=%EB%93%B1%EB%A1%9D&slug=%EC%A0%9C36%EA%B8%B0-%EB%AF%B8%EB%9E%98%EC%97%90%EC%85%8B-%ED%95%B4%EC%99%B8%EA%B5%90%ED%99%98-%EC%9E%A5%ED%95%99%EC%83%9D-%EC%84%A0%EB%B0%9C-%EC%95%88%EB%82%B42027%EB%85%84-%EB%B4%80%ED%95%99,https://scatch.ssu.ac.kr/%EA%B3%B5%EC%A7%80%EC%82%AC%ED%95%AD/?f=all&category=%EC%99%B8%EA%B5%AD%EC%9D%B8%EC%9C%A0%ED%95%99%EC%83%9D&paged=6&keyword=%EB%93%B1%EB%A1%9D&slug=%EC%A0%9C36%EA%B8%B0-%EB%AF%B8%EB%9E%98%EC%97%90%EC%85%8B-%ED%95%B4%EC%99%B8%EA%B5%90%ED%99%98-%EC%9E%A5%ED%95%99%EC%83%9D-%EC%84%A0%EB%B0%9C-%EC%95%88%EB%82%B42027%EB%85%84-%EB%B4%84%ED%95%99,ko,2026-10-06T05:12:42+00:00,2026-10-07T06:42:59+00:00,gemma-4-26B-A4B-it-UD-Q4_K_M
153,Chevening,,UK Government,United Kingdom,master,,full,2026-10-06,закрывается 6 октября 2026 года в 11:00 UTC,yes,1,list,"International students with a completed bachelor's degree and at least 2,800 hours of work experience. For Russian citizens, the scholarship is only available to residents living outside of Russia.",Окно на набор 2027-2028 открывается 4 августа 2026 года и закрывается 6 октября 2026 года в 11:00 UTC.,https://chevening.org,https://global-generations.com/blog/stipendii-dlya-ucheby-za-rubezhom,ru,2026-10-06T05:06:35+00:00,2026-10-06T05:06:35+00:00,gemma-4-26B-A4B-it-UD-Q4_K_M
46,British Chevening Scholarships in UK for International Students 2026-2027,Chevening Scholarships,British Government/FCO,United Kingdom,master,,full,2026-10-06,6 Oct 2026 (annual),unclear,1,unclear,"Chevening-eligible орны суурьтай иргэн байх, тэтгэлэг дууссаны дараа гэх мэт дор хаяж хоёр жилийн хугацаанд эх орондоо буцаж амьдрах амлалт өгөх, магистрын хөтөлбөрт хамрагдах боломжтой бакалаврын зэрэгтэй байх, мөн дор хаяж хоёр жилийн (2,800 цаг) ажлын туршлагатай байх шаардлагатай.",The scholarships are targeted to citizens of Chevening-eligible countries.,http://www.chevening.org/,https://www.scholars4dev.com/3299/british-chevening-scholarships/,en,2026-10-06T04:57:29+00:00,2026-10-07T06:31:49+00:00,gemma-4-26B-A4B-it-UD-Q4_K_M
179,2027年度海外留学支援制度（大学院学位取得型）,JASSO Overseas Study Support Program (Graduate School Degree Program),JASSO,Japan,master;phd,,stipend_only,2026-10-08,2026年10月8日（木曜日）13時（日本時間）締切,unclear,1,unclear,"Японгийн их дээсэнд суралцаж буй эсвэл төгссөн оюутнууд болон гадаад өндөр сургуульд бакалаврын зэрэг авсан эсвэл авах зорилготой, Японы их дээсээр дамжуулан өргөдөл гаргах боломжгүй хувь хүн өргөдөл гаргах боломжтой.",応募は原則、日本国内の大学（在籍又は卒業大学）を通じて行います（「大学取りまとめ応募」）。,https://www.jasso.go.jp/ryugaku/scholarship_a/daigakuin/2027.html,https://www.jasso.go.jp/ryugaku/scholarship_a/daigakuin/2027.html,ja,2026-10-06T05:09:17+00:00,2026-10-07T06:39:40+00:00,gemma-4-26B-A4B-it-UD-Q4_K_M
3,NetHope Humanitarian AI Research Fellowship 2026/2027,NetHope Humanitarian AI Research Fellowship,NetHope,,,Policy;Program evaluation;Humanitarian/international development systems;Computer science;Machine learning;Applied data science,stipend_only,2026-10-09,"October 9, 2026",yes,1,unclear,"Дунд болон туршлагатай мэргэжилтнүүдийг урьж байна. Тэднийг бодлого, хөтөлбөрийн үнэлгээ, гумансын тусламж, олон улсын хөгжлийн систем эсвэл компьютер шинжлэх ухаан, машин сургалт, өгөгдлийн шинжлэх ухааны чиглэлээр бэлтгэгдсэн, хариуцлагатай хиймэл оюун ухааны талаар судалгаа хийх сонирхолтой байх шаардлагатай.","This is a part-time, remote, internationally open opportunity for individuals who bring rigor, curiosity, and a genuine interest in responsible AI for humanitarian impact.",https://opportunitydesk.org/2026/10/05/nethope-humanitarian-ai-research-fellowship-2026-2027/,https://opportunitydesk.org/2026/10/05/nethope-humanitarian-ai-research-fellowship-2026-2027/,en,2026-10-06T04:31:45+00:00,2026-10-07T06:29:46+00:00,gemma-4-26B-A4B-it-UD-Q4_K_M
385,"Fellowship 2027 in Cambridge, UK (Fully Funded) - OYA Opportunities",AIxBio Research Fellowship,ERA in partnership with the Cambridge Biosecurity Hub,United Kingdom,,Artificial intelligence;Machine learning;Computer science;Software;Virology;Microbiology;Molecular biology;Biophysics,full,2026-10-19,19 October 2026,yes,1,all,"Намт least 18 настай, академик болон мэргэжлийн ямар ч төрлийн бэкграундтай хүмүүс оролцох боломжтой. Өмнө нь судалгааны туршлагатай байх шаардлагагүй.","Selected fellows receive a £10,000 stipend for the ten-week programme, along with travel support and visa sponsorship for international participants from most countries.",https://oyaop.com/opportunity/scholarships-and-fellowships/fellowship-2027-in-cambridge-uk-fully-funded/,https://oyaop.com/opportunity/scholarships-and-fellowships/fellowship-2027-in-cambridge-uk-fully-funded/,en,2026-10-06T19:08:42+00:00,2026-10-07T06:51:54+00:00,gemma-4-26B-A4B-it-UD-Q4_K_M
2,AIxBio Fellowship 2027 at Cambridge (Fully-funded),AIxBio Fellowship,Cambridge,United Kingdom,,AI/ML;biology;policy;biosecurity,full,2026-10-19,"October 19, 2026",unclear,1,unclear,"18-аас дээш насны, AI/ML, биологи, бодлого эсвэл холбогдох салбарын судалгаа хийдэг эсвэл сонирхдог, биологийн эрсдэлийг бууруулах эрмэлзэлтэй хүмүүс.",Applicants aged 18+ from a wide range of backgrounds and career stages.,https://opportunitydesk.org/2026/10/05/aixbio-fellowship-2027/,https://opportunitydesk.org/2026/10/05/aixbio-fellowship-2027/,en,2026-10-06T04:31:44+00:00,2026-10-07T06:29:42+00:00,gemma-4-26B-A4B-it-UD-Q4_K_M
251,2027 Commonwealth PhD Scholarships For Developing Countries (Fully Funded) | Scholarship Region,Commonwealth PhD Scholarship,Commonwealth Scholarship Commission (CSC),United Kingdom,postdoc;phd,,full,2026-10-20,"October 20, 2026",no,1,unclear,"Төгсөлтийн зэргийн дараах суралцагчид (PhD) зориулагдсан энэхүү тэтгэлэгт хамрагдахын тулд Тэнделийн орнуудад иргэнчлэлтэй эсвэл дүрвэгчдийн эрхтэй байх, мөн тухайн улсад байнгын оршин суугч байх шаардлагатай. Мөн 2027 оны 9-р сар гэхэд дээдCursus-ийн доодгүй хоёрдугаар зэргийн (2:1) эрхтэй бакалаврын зэрэг эсвэл магистрын зэрэгтэй байх шаардлагатай.","Be a citizen of or have been granted refugee status by an eligible Commonwealth country, or be a British Protected Person.",https://www.scholarshipregion.com/commonwealth-phd-scholarship/,https://www.scholarshipregion.com/commonwealth-phd-scholarship/,en,2026-10-06T06:01:40+00:00,2026-10-07T06:43:46+00:00,gemma-4-26B-A4B-it-UD-Q4_K_M
92,Commonwealth PhD Scholarships 2027/2028 for full-time doctoral study at a UK university (Fully Funded),Commonwealth PhD Scholarships,Commonwealth Scholarship Commission (CSC),United Kingdom,master;phd,,full,2026-10-20,"20 October, 2026",no,1,unclear,"Төгсөлтийн зэрэг эзэмшсэн, хөгжлийн чиглэлтэй судалгаа хийх боломжтой, Төвлөрсөн нөхцөлт орны иргэн эсвэл дүрвэгдсэн хүн мөн.","Be a citizen of or have been granted refugee status by an eligible Commonwealth country, or be a British Protected Person.",https://www.opportunitiesforafricans.com/commonwealth-phd-scholarships-2027-2028/,https://www.opportunitiesforafricans.com/commonwealth-phd-scholarships-2027-2028/,en,2026-10-06T05:02:00+00:00,2026-10-07T06:34:16+00:00,gemma-4-26B-A4B-it-UD-Q4_K_M
58,Commonwealth Master’s and PhD Scholarships for Developing Commonwealth Countries 2026-2027,Commonwealth Scholarships,"UK Foreign, Commonwealth & Development Office (FCDO)",United Kingdom,master;phd,,full,2026-10-20,20 Oct 2026 (annual),no,1,unclear,"Тэтгээр нь хөгжиж буй Төвлərəс орнуудын иргэд болон дүрвэгдсэн хүмүүст зориулагдсан бөгөөд Мастер болон PhD түвшний суралцагчдыг хамруулна. Тухайн улсын иргэн байх, тухайн улсад байнгын оршин суугч байх, мөн сургалтын төлбөрийг өөрөө санхүүлэх боломжгүй байх шаардлагатай.",Commonwealth Scholarships for Master’s or PhD study in the UK are offered for citizens of developing Commonwealth countries.,https://cscuk.fcdo.gov.uk/scholarships/commonwealth-masters-scholarships/,https://www.scholars4dev.com/4900/commonwealth-scholarships-for-developing-commonwealth-countries/,en,2026-10-06T04:58:05+00:00,2026-10-07T06:32:26+00:00,gemma-4-26B-A4B-it-UD-Q4_K_M
200,【留学生】民間奨学金の募集について（日本台湾交流協会）,Japan-Taiwan Exchange Association Scholarship,Japan-Taiwan Exchange Association,Japan,master;phd,,stipend_only,2026-10-23,2026年10月23日（金）当日消印有効,no,1,unclear,Тайвань улсын иргэн байх ёстой бөгөөд 1992 оны 4-р сарын 2-ны хойно төрсөн байх шаардлагатай (үргэлжлүүлэн хамрагдаж буй хүмүүсээс бус).,台湾籍を有する者 1992年4月2日以降に出生した者。,https://www.isct.ac.jp/ja/news/zygdpwhl3ijp,https://www.isct.ac.jp/ja/news/zygdpwhl3ijp,ja,2026-10-06T05:10:25+00:00,2026-10-07T06:40:53+00:00,gemma-4-26B-A4B-it-UD-Q4_K_M
172,2027年度 公益財団法人KDDI財団 語学留学助成,KDDI Foundation Language Study Grant,KDDI Foundation,Japan,language,Burmese;Mongolian;Cambodian,full,2026-10-25,2026年10月25日（日）23:59 必着,no,1,unclear,"Билма, Монгол, эсвэл Камбодын хэл сурахын тулд 2027 оны 4-өөс 2028 оны 3-р сарын хооронд гадаад улсад суралцах оюутан (илгээсэн эсвэл чөлөөт суралцагч). Суралцах хугацаа 6 сараас дээш байх ёстой.",【対象】ビルマ語／モンゴル語／カンボジア語習得のために、2027年4月1日～2028年3月31日の間に留学を開始する学生（派遣留学または休学留学）,https://www.tufs.ac.jp/student/tuition_scholarship/scholarship/nihongakusei.html,https://www.tufs.ac.jp/student/tuition_scholarship/scholarship/nihongakusei.html,ja,2026-10-06T05:08:43+00:00,2026-10-07T06:39:15+00:00,gemma-4-26B-A4B-it-UD-Q4_K_M
355,Эрдэмтэн Г.Очирын нэрэмжит залуу оюутан судлаачдыг дэмжих тэтгэлэг,Scholar G. Ochir Scholarship,Mongolian University of Science and Technology,Mongolia,master;phd,chemistry;environmental science,stipend_only,2026-10-28,2026 оны 10 дугаар сарын 28-ны өдрийн 12:00 цаг хүртэл,yes,1,list,"Монгол улсын иргэн байх ёстой. МУИС-ийн хими болон хүрээлэн буй орчны чиглэлээр идэвхтэй суралцаж буй магистрант, докторант байх шаардлагатай. Сурлагын голч дүн 3.2 ба түүнээс дээш байх, англи хэлний мэдлэгтэй, судалгааны ажилд 6 сараас дээш хугацаагаар хамрагдаж, эрдэм шинжилгээний хуралд илтгэл хэлэлцүүлсэн байх шаардлагатай.",Монгол улсын иргэн байх,https://news.num.edu.mn/?p=118091,https://news.num.edu.mn/?p=118091,mn,2026-10-06T08:21:00+00:00,2026-10-07T06:49:56+00:00,gemma-4-26B-A4B-it-UD-Q4_K_M
382,Jerome R. Lewis Legislative Fellows Program 2027,Jerome R. Lewis Legislative Fellows Program,University of Delaware,United States,master;bachelor,public administration;public policy;political science;sociology;urban affairs;communications;international relations;criminal justice,stipend_only,2026-10-30,"October 30, 2026",unclear,1,unclear,Бүрэн цагийн магистрын зэрэг эзэмшигч эсвэл түншлэгч их сургуулийн тэмдэглэлийн дүн 3.4-өөс дээш байх шаардлагатай бакалаврын III эсвэл IV курсын оюутан.,Any full-time master’s degree student or especially qualified junior- or senior-level undergraduate student (GPA 3.4+) from partnering universities is eligible to apply.,https://opportunitydesk.org/2026/10/06/jerome-r-lewis-legislative-fellows-program-2027/,https://opportunitydesk.org/2026/10/06/jerome-r-lewis-legislative-fellows-program-2027/,en,2026-10-06T19:08:33+00:00,2026-10-07T06:51:45+00:00,gemma-4-26B-A4B-it-UD-Q4_K_M
280,2027 GKS Undergraduate University Track: Deadlines and Original-Document Submission Stages Vary by University,Global Korea Scholarship,National Institute for International Education,South Korea,bachelor,,full,2026-10-30,Inje University requires the documents to arrive by October 30 at 5:00 p.m.,yes,1,unclear,Олон улсын оюутан болон гадаад иргэд (GKS-U нь олон улсын оюутнуудад зориулагдсан),The 2027 Global Korea Scholarship for Undergraduate Degrees (GKS-U) University Track materials released by the National Institute for International Education show that application deadlines and submission methods vary by university.,https://kstudytimes.kr/news/scholarships/2026/09/gks-undergraduate-university-track-2027,https://kstudytimes.kr/news/scholarships/2026/09/gks-undergraduate-university-track-2027,en,2026-10-06T06:03:54+00:00,2026-10-07T06:45:53+00:00,gemma-4-26B-A4B-it-UD-Q4_K_M
169,財団法人　藤井国際奨学財団,Fujii International Scholarship Foundation,Fujii International Scholarship Foundation,Japan,bachelor;master;phd,,stipend_only,2026-10-30,2026 年9 月1 日（火）～10 月30 日（金）（必着）,yes,1,all,"Азийн орнуудын үндэсний иргэн байх (Монгол улс оролцсон), тодорхойлсон их сургуулиудад суралцаж буй, сурлага болон хувь хүний чанар сайтай, эдийн засгийн дэмжлэг шаардлагатай, эрүүл байх шаардлагатай.",モルディブ、モンゴル、ラオス、台湾、香港,https://web.isc.ehime-u.ac.jp/wp-content/uploads/2026/07/yoko_2027%E5%B9%B4%E5%BA%A6%E7%89%88-%E7%95%99%E5%AD%A6%E7%94%9F%E5%8B%9F%E9%9B%86%E8%A6%81%E9%A0%85.pdf,https://web.isc.ehime-u.ac.jp/wp-content/uploads/2026/07/yoko_2027%E5%B9%B4%E5%BA%A6%E7%89%88-%E7%95%99%E5%AD%A6%E7%94%9F%E5%8B%9F%E9%9B%86%E8%A6%81%E9%A0%85.pdf,ja,2026-10-06T05:08:39+00:00,2026-10-07T06:39:06+00:00,gemma-4-26B-A4B-it-UD-Q4_K_M
324,Begabtenförderung - Stipendien der Friedrich-Naumann-Stiftung,Friedrich Naumann Foundation Scholarships,Friedrich-Naumann-Stiftung für die Freiheit,Germany,bachelor;master;phd;postdoc,,full,2026-10-31,Die Bewerbung kann nur über unser Onlinebewerbungsportal jeweils vom 1. - 30. April und vom 1. - 31. Oktober erfolgen.,yes,1,unclear,"Суралцах болон докторант нан дахь суралцагчдад зориулсан энэхүү тэтгэлэг нь герман болон бусад орны оюутнуудад олгогддог. Докторант нарт бүх чиглэлээр хүлээн авч болох бөгөөд бакалавр болон магистрын түвшний оюутнууд герман, ЕХ-ны улс болон Швейцарийн улсын магадлан итгэмжлэгдсэн сургуулиудад суралцаж байх шаардлагатай. Гэхдээ ЕХ-ны бус орны оюутнуудад зориулсан бакалаврын түвшний сургалт дэмжигдэхгүй.",Die Stiftung für die Freiheit vergibt Stipendien an deutsche und ausländische Studierende.,https://www.freiheit.org/de/begabtenfoerderung,https://www.freiheit.org/de/begabtenfoerderung,de,2026-10-06T06:06:42+00:00,2026-10-07T06:48:35+00:00,gemma-4-26B-A4B-it-UD-Q4_K_M
181,第41期 イノアック国際教育振興財団奨学金,INOAC International Education and Scholarship Foundation Scholarship,公益財団法人 イノアック国際教育振興財団,Japan,master;phd,,tuition_only,2026-10-31,2026年9月1日～2026年10月31日,yes,1,unclear,"Япон улсын иргэн биш, 2027 оны 4-р сараас эхлэн магистр эсвэл докторын түвшний сургуульд суралцаж буй эсвэл суралцах төлөвлөгөөтэй гадаад оюутан байх шаардлагатай. Докторын түвшинд 35 хүртэл, магистрын түвшинд 30 хүртэл насны байх шаардлагатай. Мөн япон хэлээр харилцаж чаддаг байх ёстой.",1．日本国籍を持たない者。,https://gaxi.jp/organization/1vEXjgpO1x6k9poD/project/jKn1pRPx05RXL2M7,https://gaxi.jp/organization/1vEXjgpO1x6k9poD/project/jKn1pRPx05RXL2M7,ja,2026-10-06T05:09:24+00:00,2026-10-07T06:39:44+00:00,gemma-4-26B-A4B-it-UD-Q4_K_M
173,外国人留学生奨学金 | 財団法人 本庄国際奨学財団,Honjo International Scholarship Foundation Scholarship,Honjo International Scholarship Foundation,Japan,master;phd,,stipend_only,2026-10-31,2026年10月31日,yes,1,all,"Япон улсын их, дээд сургуулийн магистр, докторын түвшинд суралцаж буй эсвэл 2026 оны хичээлийн жилд элсэхээр төлөвлөж буй гадаад оюутнууд. Үндэс угсаа, мэргэжлийн чиглэлээр хязгаарлалтгүй.",国籍、専攻分野を問いません。,https://www.hisf.or.jp/scholarship/foreigner/,https://www.hisf.or.jp/scholarship/foreigner/,ja,2026-10-06T05:08:52+00:00,2026-10-07T06:39:17+00:00,gemma-4-26B-A4B-it-UD-Q4_K_M
120,NACA and Ko Family Foundation Open 2026 Scholarship Applications - Georgia Asian Times,NACA and Ko Family Foundation Scholarship,National Association of Chinese Americans and Ko Family Foundation,United States,short_course;bachelor,,partial,2026-10-31,"October 31, 2026",no,1,unclear,"Ахлах сургуулийн төгсөгчид болон коллежийн нэгдүгээр, хоёрдугаар курсын оюутнууд, Хятад-Америкчуудын хамт олны төлөө үйлчлэл болон сурлагын амжилттай байх шаардлагатай.",Six scholarships will be awarded this year to high school seniors and college freshmen and sophomores who have shown a strong balance of academic achievement and service to the Chinese American community.,https://naca-atlanta.org,https://gasiantimes.com/metro-asian-news/2026/08/22/naca-and-ko-family-foundation-open-2026-scholarship-applications/,en,2026-10-06T05:03:50+00:00,2026-10-07T06:36:29+00:00,gemma-4-26B-A4B-it-UD-Q4_K_M
88,Fulbright Visiting Scholar Program,Fulbright Visiting Scholar Program,U.S. Embassy in Ulaanbaatar,United States,postdoc,international trade;business;energy;science;technology;engineering;mathematics;artificial intelligence,full,2026-10-31,"October 31, 2026",yes,1,all,"Монгол улсын иргэн байх, одоо Монголд амьдарч байгаа, докторын зэрэг эсвэл түүнтэй дүйцэхүйц мэргэжлийн сургалтад хамрагдсан, ажлын туршлага 10 гаруй жилтай, англи хэлний өндөр түвшний мэдлэгтэй байх шаардлагатай.","Be a Mongolian citizen, currently living in Mongolia",https://apply.iie.org/apply,https://mn.usembassy.gov/fulbright-visiting-scholar-program/,en,2026-10-06T05:00:45+00:00,2026-10-07T06:34:05+00:00,gemma-4-26B-A4B-it-UD-Q4_K_M
74,Melbourne International Undergraduate Scholarships 2026-2027,Melbourne International Undergraduate Scholarship,University of Melbourne,Australia,bachelor,,partial,2026-10-31,31 October 2026,yes,1,unclear,"Дэлхийн банкны мэдээллээр нэг хүнд ногдох Долоон толгой Үндэсний Бүтээгдэхүүн (GDP) нь 10,000 ам.доллар эсвэл түүнээс багатай улсын иргэн байх, Австралиас гадна дунд сургууль төгссөн эсвэл Австрали дахь суурь хөтөлбөрийг дэнслэсэн байх, мөн өмнө нь дээд боловсрол эзэмшиж байгаагүй байх шаардлагатай.","Be a citizen of a country with a Gross Domestic Product per capita of US$10,000 or less based on data published by the World Bank.",https://scholarships.unimelb.edu.au/awards/melbourne-international-undergraduate-scholarship,https://www.scholars4dev.com/16130/melbourne-international-undergraduate-scholarships/,en,2026-10-06T04:58:56+00:00,2026-10-07T06:33:16+00:00,gemma-4-26B-A4B-it-UD-Q4_K_M
327,Auswahlverfahren für Promovierende,Cusanuswerk Doctoral Scholarship,Cusanuswerk,Germany,phd,,stipend_only,2026-11-01,"Anmeldeschluss: Sonntag, 1. November 2026",no,1,unclear,"Докторын зэрэг хамгаалагч байх шаардлагатай. Католик шашны гишүүн байх, сайн эрдэм шинжилгээний амжилттай байх, нийгмийн хариуцлагатай байх шаардлагатай. Герман улсын улсын эсвэл төрөөс хүлээн зөвшөөрсөн их сургуульд докторын зэрэг хамгаалахаар элсэсэн байх ёстой. Хөгжиж буй орнууд болон Азийн орнуудаас ирж буй горилогчдыг KAAD-аар дамжуулж бүртгүүлэхийг зөвлөж байна.","Bewerberinnen und Bewerber aus einem Entwicklungs- oder Schwellenland Afrikas, Asiens, des Nahen und Mittleren Ostens oder Lateinamerikas sowie aus Osteuropa wenden sich bitte zunächst an den Katholischen Akademischen Ausländerdienst (www.kaad.de), der hierfür spezielle Programme anbietet.",https://www.cusanuswerk.de/bewerbung/promovierende/promotion,https://www.cusanuswerk.de/bewerbung/promovierende/promotion,de,2026-10-06T06:06:58+00:00,2026-10-07T06:48:42+00:00,gemma-4-26B-A4B-it-UD-Q4_K_M
122,InspirASIAN Scholarships,InspirASIAN Scholarships,InspirASIAN,United States,bachelor,,full,2026-11-01,November of 2026,no,1,unclear,"2027 оны весенээр төгсөх, 3.40 GPA-тай, АНУ-ын иргэн эсвэл байнга оршин суугч байх шаардлагатай бөгөөд тодорхой мужуудад оршин суудаг эсвэл InspirASIAN гишүүнээс тодорхойлогдсон байх ёстой.",You are a U.S. citizen or permanent resident.,https://www.inspirasian.us/scholarships/,https://www.inspirasian.us/scholarships/,en,2026-10-06T05:03:59+00:00,2026-10-07T06:36:29+00:00,gemma-4-26B-A4B-it-UD-Q4_K_M
192,2027年度大学推薦による国費外国人留学生の募集について／Application for Japanese Government (MEXT) Scholarship Student 2027 [University Recommendation] | 国際交流・留学 | 国립大学법인 東京海洋大学,Japanese Government (MEXT) Scholarship,Japanese Government (MEXT),Japan,,,full,2026-11-06,"Friday, November 6, 2026",yes,1,unclear,Гадаад оюутан (Монгол улсын иргэд хамаарах боломжтой),Application for Japanese Government (MEXT) Scholarship Student 2027 [University Recommendation],https://www.kaiyodai.ac.jp/international/docs/kokuhi.html,https://www.kaiyodai.ac.jp/international/docs/kokuhi.html,ja,2026-10-06T05:10:01+00:00,2026-10-07T06:40:23+00:00,gemma-4-26B-A4B-it-UD-Q4_K_M
62,Lester B. Pearson International Scholarship Program at University of Toronto,Lester B. Pearson International Scholarship Program,University of Toronto,Canada,bachelor,,full,2026-11-07,7 November 2025,yes,1,unclear,"Олон улсын оюутнууд (Канадад суралцах зөвшөөрөл шаардлагатай бусад улсын иргэд), ахлах сургуулийнхаа сүүлчийн жилээ сурч байгаа эсвэл 2026 оны 6-р сараас өмнө төгссөн байх шаардлагатай.","International students from around the world, including international students studying at Canadian high schools.",https://future.utoronto.ca/pearson-scholarships,https://www.scholars4dev.com/20918/lester-b-pearson-international-scholarship-program-at-university-of-toronto/,en,2026-10-06T04:58:20+00:00,2026-10-07T06:32:38+00:00,gemma-4-26B-A4B-it-UD-Q4_K_M
8,HP-UCL IOE Fellowship in AI in Education 2027,HP-UCL IOE Fellowship in AI in Education,UCL Institute of Education,United Kingdom,,Artificial Intelligence;Education;Policy;Ethics;Human-Computer Interaction,full,2026-11-07,"November 7, 2026",yes,1,unclear,"Боловсунд нь дэлхийн өнцөг булан бүрээс ирж буй, боловсролын салбарын ахлах бодлого боловсруулагчид, байгууллагын удирдагчид болон төрийн албан хаагчдад зориулагдсан. Европын, Ази болон Африкийн орнуудын төлөөлөгчдийг авч үзнэ.","Geographies: Europe, Asia and Africa.",https://opportunitydesk.org/2026/10/05/hp-ucl-ioe-fellowship-in-ai-in-education-2027/,https://opportunitydesk.org/2026/10/05/hp-ucl-ioe-fellowship-in-ai-in-education-2027/,en,2026-10-06T04:32:00+00:00,2026-10-07T06:30:00+00:00,gemma-4-26B-A4B-it-UD-Q4_K_M
222,2027-2028 스위스 정부초청 장학생 선발 안내,Swiss Government Excellence Scholarships,Swiss Government,Switzerland,postdoc;research;phd,Arts;PhD;Research,full,2026-11-10,2026. 11. 10.(화),no,1,unclear,Зөвхөн БНСД-ын иргэд (Бүгд Найрамдах Солонгос Улсын иргэд) энэхүү тэтгэлэгт хамрагдах эрхтэй.,"가. 선발 인원: 약간 명
나. 지원 자격: 해외유학에 결격사유가 없는 대한민국 국적자",https://www.go.eskas.ch,https://cls.snu.ac.kr/%EC%9E%A5%ED%95%99/document/79714/?pageid=2&mod=document&uid=80338,ko,2026-10-06T05:11:51+00:00,2026-10-07T06:42:08+00:00,gemma-4-26B-A4B-it-UD-Q4_K_M
116,[Japan] Kyoto University – Asian Future Leaders Scholarship Program (AFLSP) for April 2027,Asian Future Leaders Scholarship Program (AFLSP),Kyoto University,Japan,master,,full,2026-11-13,"November 13 (Fri), 2026 (closes at 5:00 p.m. Japan time)",unclear,1,unclear,"Мастерын түвшинд суралцах горилоотой, BXAl зуны хөтөлбөрт оролцох эрмэлзэлтэй, англи хэлний өндөр түвшний мэдлэгтэй, хувь хүний шударга ёс болон олон улсын соёл хоорондын ойлголцолд сонирхолтой байх шаардлагатай.",We are pleased to inform you that the application for Asian Future Leaders Scholarship Program (AFLSP) for April 2027 is now open for Universitas Gadjah Mada students.,https://www.aflsp.kyoto-u.ac.jp/,https://oia.ugm.ac.id/2026/08/21/japan-kyoto-university-asian-future-leaders-scholarship-program-aflsp-for-april-2027/,en,2026-10-06T05:03:50+00:00,2026-10-07T06:36:29+00:00,gemma-4-26B-A4B-it-UD-Q4_K_M
253,King-Morgridge Scholars Program,King-Morgridge Scholars Program,University of Wisconsin–Madison,United States,bachelor,,full,2026-11-15,November 15,no,1,unclear,"Эх программын хүртээмжтэй горилогчид нь: шинээр элсэж буй, бакалаврын зэрэг эзэмших зорилготой, өмнө нь бусад сургуульд суралцаагүй оюутан байх; UW–Madison-ийн Early Action-оор элсэх хүсэлт гаргасан байх; санхүүгийн хүндрэлтэй байдал болон ядуурлыг бууруулах чиглэлээр ажиллах эрмэлзэлтэй байх; төгсөөд эх орондоо буцах төлөвлөгөөтэй байх; Африк, Карибын агнуул, Латин Америк, Өмнөд Ази, Зүүн Өмнөд Азийн улс орнуудаас ахлах сургуулийн дипломтой байх шаардлагатай.","Earn a high school diploma or equivalent credential that meets UW–Madison admission requirements for first-year entry from an institution in Africa, the Caribbean, Latin America, South Asia, and Southeast Asia (see below drop-downs for eligible countries).",https://admissions.wisc.edu/international-scholarships/,https://admissions.wisc.edu/international-scholarships/,en,2026-10-06T06:01:48+00:00,2026-10-07T06:43:53+00:00,gemma-4-26B-A4B-it-UD-Q4_K_M
112,ISQOLS Developing Country Fellowship,ISQOLS Valerie Møller Fellowship,International Society for Quality-of-Life Studies (ISQOLS),,research,quality of life;happiness;well-being studies,full,2026-11-15,15 November 2026,yes,1,unclear,"Эртний шатны судлаач байх ёстой бөгөөд хөгжиж буй орнуудад оршин суудаг, амьдралын чанар, аз жаргал болон сайн сайхан байдлын судалгаа хийж буй эртний шатны судлаач байх шаардлагатай.","supporting an early-career scholar residing in a developing country who is conducting research related to quality of life, happiness, and/or well-being studies.",https://isqols.org/VMFellow,https://isqols.org/VMFellow,en,2026-10-06T05:03:50+00:00,2026-10-07T06:35:24+00:00,gemma-4-26B-A4B-it-UD-Q4_K_M
45,International Scholars Program at University of British Columbia 2026-2027,International Scholars Program,University of British Columbia,Canada,bachelor,,full,2026-11-15,15 Nov/1 Dec 2026 (annual),yes,1,unclear,"Олон улсын оюутнууд (Canada-д суралцах суралцагчийн визтэй) байх ёстой. Тэрээр ахлах сургуулиа төгссөн, эхний удаа бакалаврын зэрэгт суралцах гэж байгаа, академик дэвшил сайтай бөгөөд санхүүгийн хүндрэлтэй байх шаардлагатай.",UBC’s International Scholars Program offers four categories of prestigious need-and-merit-based awards to international students:,http://you.ubc.ca/financial-planning/scholarships-awards-international-students/international-scholars/,https://www.scholars4dev.com/2333/ilot-scholarships-at-university-of-british-columbia/,en,2026-10-06T04:57:29+00:00,2026-10-07T06:31:49+00:00,gemma-4-26B-A4B-it-UD-Q4_K_M
383,Tomorrow’s Leaders Program 2027–2028 (Funded),Tomorrow's Leaders Program,Opportunity Desk,United States,bachelor,,full,2026-11-18,"November 18, 2026",no,1,unclear,"Бүрэн дунд сургуулийн төгсөгчид болон MENA бүс нутгийн (Ойрхи Дорнод, Хойд Африкийн орнууд) оюутнуудад зориулсан тэтгэлэг. Тус хөтөлбөрт Ирак, Либи, Сири, Палестин болон Йемен улсын оюутнууд хамрагдах боломжтой.",The Tomorrow’s Leaders (TL) program is an innovative leadership program that offers undergraduate scholarships and leadership development to meritorious students in the MENA region identified for their potential to be leaders and decision-makers.,https://opportunitydesk.org/2026/10/06/tomorrow-leaders-program-2027-2028/,https://opportunitydesk.org/2026/10/06/tomorrow-leaders-program-2027-2028/,en,2026-10-06T19:08:33+00:00,2026-10-07T06:51:45+00:00,gemma-4-26B-A4B-it-UD-Q4_K_M
384,Sara E. and Bruce B. Collette Postdoctoral Fellowship in Systematic Ichthyology 2027 (stipend available),Sara E. and Bruce B. Collette Postdoctoral Fellowship in Systematic Ichthyology,National Museum of Natural History (NMNH),United States,postdoc,Systematic Ichthyology;Comparative Morphology;Biology,stipend_only,2026-11-20,"November 20, 2026",yes,1,unclear,АН: АНУС болон АНУС-ын бус граждан (монголчууд орсон) горилогчид хүлээн авна. Тусгай зэрэг хамгаалалттай (Ph.D.) байх шаардлагатай бөгөөд загасны систематик судалгааны туршлагатай байх ёстой.,Fellowships are available to US and non-US citizens.,https://opportunitydesk.org/2026/10/06/sara-e-and-bruce-b-collette-postdoctoral-fellowship-in-systematic-ichthyology-2027/,https://opportunitydesk.org/2026/10/06/sara-e-and-bruce-b-collette-postdoctoral-fellowship-in-systematic-ichthyology-2027/,en,2026-10-06T19:08:39+00:00,2026-10-07T06:51:49+00:00,gemma-4-26B-A4B-it-UD-Q4_K_M
242,留学生福利来了！AUT奖学金别错过！,AUT Scholarships,Auckland University of Technology,New Zealand,bachelor;postdoc;master,,tuition_only,2026-11-22,2027 Semester 1入学：截止至2026年11月22日,yes,1,all,"БАКЛАЛТ: Шинэ, бүрэн төлбөртэй олон улсын оюутнууд байх ёстой. Хойд Азийн орнууд болон бүс нутгийн (Хятад, Хонг Конг, Тайвань, Япон, Монгол, Солонгос, Хойд Солонгос) иргэд хамрагдана. AUT-ийн 2027 оны хичээлийн хүлээн авсан урилгатай байх шаардлагатай.",来自北亚国家和地区（中国、中国香港、中国台湾、日本、蒙古、朝鲜、韩国）,https://autuni.cn/1789612010347-AUT,https://autuni.cn/1789612010347-AUT,zh,2026-10-06T05:13:02+00:00,2026-10-07T06:43:14+00:00,gemma-4-26B-A4B-it-UD-Q4_K_M
84,Master's Degree Program | Mongolia | JDS,Japanese Development Scholarship (JDS),JICA,Japan,master,,full,2026-11-25,"14:00, November 25 (Wed), 2026",yes,1,all,"Монгол Улсын иргэн байх ёстой. Нас 25-аас 45 хүртэл байх (2027 оны 4-р сарын 1-ний байдлаар). Төгсөлтийн зэрэг (Bachelor's Degree) эзэмшсэн, төрийн албан хаагч эсвэл Монгол Банк, Хөрөнгө оруулалтын банкны ажилтан байх шаардлагатай. Мөн холбогдох байгууллагадаа 2-оос доошгүй жил бүрэн цагаар ажилласан туршлагатай байх ёстой.",Nationality | Citizens of Mongolia |,https://jds-scholarship.org/country/mongolia/apply_masters.html,https://jds-scholarship.org/country/mongolia/apply_masters.html,en,2026-10-06T05:00:45+00:00,2026-10-07T06:33:49+00:00,gemma-4-26B-A4B-it-UD-Q4_K_M
349,Asian Development Bank–Japan Scholarship Program 2026 (Fully Funded) - OYA Opportunities,Asian Development Bank–Japan Scholarship Program,Asian Development Bank (ADB),Asia and the Pacific,master,economics;business administration;finance;science and technology;engineering;computer science;agriculture;environmental studies,full,2026-12-01,"01 December,2026",yes,1,all,"Азийн хөгжлийн банкны (АХБ) гишүүн хөгжиж буй орнуудын иргэд, бакалаврын зэрэгтэй, сургууль төгссөнөөс хойш хоёр жил ажилласан туршлагатай, 35 хүртэлх насны эрүүл мэнд сайн, англи хэлний шаардлага хангасан мэргэжилтнүүдийг шалгаруулна.","The program is available to citizens of eligible ADB developing member countries, including countries such as Nepal, India, Bangladesh, Bhutan, Pakistan, Sri Lanka, Indonesia, the Philippines, Vietnam, Thailand, Cambodia, Mongolia, Fiji, Kazakhstan, Kyrgyz Republic, and Uzbekistan, among others.",https://oyaop.com/opportunity/scholarships-and-fellowships/asian-development-bank-japan-scholarship-program-2026-fully-funded/,https://oyaop.com/opportunity/scholarships-and-fellowships/asian-development-bank-japan-scholarship-program-2026-fully-funded/,en,2026-10-06T08:20:24+00:00,2026-10-07T06:49:34+00:00,gemma-4-26B-A4B-it-UD-Q4_K_M
117,"Call for Applications: Joint Scholarship Programme of the South Asia Institute, Heidelberg University and the Max Weber Forum for South Asian Studies Delhi (MWF Delhi) for Young Scholars from South Asia - Summer of 2027 - South Asia Institute","Joint Scholarship Programme of the South Asia Institute, Heidelberg University and the Max Weber Forum for South Asian Studies Delhi (MWF Delhi)","South Asia Institute (SAI), Heidelberg University and Max Weber Forum for South Asian Studies Delhi (MWF Delhi)",Germany,postdoc;research,ethnology;history;political science;economics;geography;modern languages and literatures of South Asia;cultural and religious history of South Asia (Classical Indology),full,2026-12-01,"01 December 2026, 23:59 CET",no,1,unclear,"Өмчлөх боломжтой залуу судлаачид: Энэтхэг, Непал, Пакистан, Шри Ланка эсвэл Бангладеш улсын иргэд.","The fellowship is for young researchers from India, Nepal, Pakistan, Sri Lanka or Bangladesh who wish to establish and develop a research collaboration with the SAI.",https://www.sai.uni-heidelberg.de/en/newsroom/call-for-applications-joint-scholarship-programme-of-the-south-asia-institute-heidelberg-university,https://www.sai.uni-heidelberg.de/en/newsroom/call-for-applications-joint-scholarship-programme-of-the-south-asia-institute-heidelberg-university,en,2026-10-06T05:03:50+00:00,2026-10-07T06:36:29+00:00,gemma-4-26B-A4B-it-UD-Q4_K_M
48,Justus & Louise van Effen Excellence Scholarships for International Students at TU Delft 2026-2027,Justus & Louise van Effen Excellence Scholarships,Delft University of Technology,Netherlands,master,,full,2026-12-01,1 Dec 2026,yes,1,unclear,"TU Delft-ийн 2 жилийн ердийн магистрын хөтөлбөрт (Joint Education Programme биш) урьдчилсан нөхцөлтэйгөөр элсэх эрх авсан, өмнөх сурлагадаа шилдэг 10%-ийн дотор багтсан гадаад оюутнууд.",The Justus & Louise van Effen Scholarship is one of those programs and it aims to financially supporting excellent international MSc students wishing to study at TU Delft.,https://www.tudelft.nl/onderwijs/studievoorlichting/praktische-zaken/scholarships/justus-louise-van-effen-excellence-scholarships,https://www.scholars4dev.com/10809/tu-delft-excellence-scholarships-for-international-students/,en,2026-10-06T04:57:35+00:00,2026-10-07T06:31:59+00:00,gemma-4-26B-A4B-it-UD-Q4_K_M
9,"America in the World Consortium Postdoctoral Fellowship 2027-2028 ($73,500 stipend)",America in the World Consortium Postdoctoral Fellowship,America in the World Consortium,United States,postdoc,history;political science;public policy;classics;political philosophy;language studies;area studies,stipend_only,2026-12-01,"December 1, 2026",unclear,0,unclear,"Докторыйн зэрэгтэй (Ph.D.) судалгаач нар, түүх, улс төр судлал, бодлогын шинжлэх ухаан зэрэг холбогдох салбараас 2027 оны 8-р сарын 1-ний өмнө зэрэг хамгаалсан байх шаардлагатай.",,https://opportunitydesk.org/2026/10/05/america-in-the-world-consortium-postdoctoral-fellowship-2027-2028/,https://opportunitydesk.org/2026/10/05/america-in-the-world-consortium-postdoctoral-fellowship-2027-2028/,en,2026-10-06T04:54:46+00:00,2026-10-07T06:30:06+00:00,gemma-4-26B-A4B-it-UD-Q4_K_M
5,America in the World Consortium Predoctoral Fellowship 2027-2028 (Stipend available),America in the World Consortium Predoctoral Fellowship,America in the World Consortium,United States,phd,history;political science;public policy;classics;political philosophy,stipend_only,2026-12-01,"December 1, 2026",unclear,0,unclear,"Одоогийн PhD хөтөлбөрт суралцаж буй, докторын зэрэг хамгаалахаас өмнөх шатны шалгалтуудаа (comprehensive/preliminary/qualifying exams) давсан оюутнууд горилоход нээлттэй. Түүх, улс төр судлал, бодлогын шинжлэх ухаан зэрэг салбарын судалгаа нь Америкийн гадаад бодлоготой холбоотой байх шаардлагатай.",,https://opportunitydesk.org/2026/10/05/america-in-the-world-consortium-predoctoral-fellowship-2027-2028/,https://opportunitydesk.org/2026/10/05/america-in-the-world-consortium-predoctoral-fellowship-2027-2028/,en,2026-10-06T04:31:59+00:00,2026-10-07T06:29:54+00:00,gemma-4-26B-A4B-it-UD-Q4_K_M
7,Yale Maurice R. Greenberg World Fellows Programme 2027 (Fully-funded),Yale Maurice R. Greenberg World Fellows Programme,Yale University,United States,,,full,2026-12-02,"December 2, 2026",yes,1,unclear,"Мэргэжлийн карьерынхаа 5-аас 25 хүртэлх жилд байгаа, орон нутгийн, үндэсний эсвэл олон улсын түвшинд тодорхой ололт амжилт гаргасан, АНУ-аас бусад улсын иргэн байх ёстой. Англи хэлээр чөлөөтэй ярьдаг байх шаардлагатай.",Applicants must be citizens of a country other than the United States.,https://opportunitydesk.org/2026/10/05/yale-maurice-r-greenberg-world-fellows-programme-2027/,https://opportunitydesk.org/2026/10/05/yale-maurice-r-greenberg-world-fellows-programme-2027/,en,2026-10-06T04:31:59+00:00,2026-10-07T06:29:57+00:00,gemma-4-26B-A4B-it-UD-Q4_K_M
57,Gates Cambridge Scholarships for International Students 2026-2027 | Scholars4Dev,Gates Cambridge Scholarship,Gates Cambridge Trust,United Kingdom,master;phd,,full,2026-12-08,8 December 2026,yes,1,unclear,"United Kingdom-ээс бусад улсын иргэд бэлэн PhD, MSc, MLitt болон нэг жилийн магистрын хөтөлбөрт суралцах эрхтэй.",Citizens of any country outside the United Kingdom.,http://www.gatescambridge.org/,https://www.scholars4dev.com/2043/gates-scholarships-for-international-students-at-university-of-cambridge/,en,2026-10-06T04:58:01+00:00,2026-10-07T06:32:26+00:00,gemma-4-26B-A4B-it-UD-Q4_K_M
4,Switzer Fellowships 2027 for Graduate Students in the U.S.,Switzer Fellowships,Switzer Fellowships,United States,master;phd,science;policy;justice;health;economics;advocacy;planning;business,stipend_only,2026-12-14,"December 14, 2026",no,1,unclear,"Өргөдөл гаргагч нь АНУ-ын иргэн, тууштай оршин суугч, DACA хүлээн авагч, эсвэл дүрмийн дагуу дүрвэгч эсвэл орогногч байх ёстой. Мөн АНУ-ын магадлан итгэмжлэгдсэн сургуульд магистр эсвэл докторын хөтөлбөрт суралцаж байх шаардлагатай. Олон улсын оюутнууд энэ тэтгэлэгт хамрагдах боломжгүй.","Applicants must be a U.S. citizen, permanent resident, Deferred Action for Childhood Arrivals (DACA) recipient, or a refugee or asylee according to the definition provided by the United States Department of Homeland Security (international students are ineligible.)",https://opportunitydesk.org/2026/10/05/switzer-fellowships-2027/,https://opportunitydesk.org/2026/10/05/switzer-fellowships-2027/,en,2026-10-06T04:31:49+00:00,2026-10-07T06:29:47+00:00,gemma-4-26B-A4B-it-UD-Q4_K_M
386,ENS International Selection Scholarships 2026-2027,ENS International Selection Scholarships,École Normale Supérieure,France,master,Biology;Chemistry;Earthscience;Computing science;Mathematics;Physics;Cognitive sciences;Arts & Humanities,full,2026-12-15,15 Dec 2026,yes,1,unclear,"26 насны өглөө гэхэд нас хүрээгүй байх, өмнө нь энэхүү тэн Tsгэлд ороогүй байх, Франц улсад академик жилийн хугацаанд 10 сараас дээш хугацаагаар амьдарч байгаагүй байх, гадаад улсын их сургуульд доод боловсролын дор доор нь нэг жил суралцсан байх шаардлагатай.","Each year, École Normale Supérieure (ENS) organizes an international selection allowing the most promising international students, either in Science or in Arts & Humanities, to follow a Masters Degree at the University.",http://www.ens.fr/en/academics/admissions/international-selection,https://www.scholars4dev.com/10324/ens-international-selection-scholarships/,en,2026-10-06T19:09:01+00:00,2026-10-07T06:51:58+00:00,gemma-4-26B-A4B-it-UD-Q4_K_M
345,MOPGA 2027 Visiting Fellowship in France (Fully Funded) - OYA Opportunities,Make Our Planet Great Again (MOPGA) Visiting Fellowship,French Ministry for Europe and Foreign Affairs (MEAE),France,postdoc,"Earth system sciences;Climate change and sustainability sciences;Energy transition;Societal challenges related to environmental issues;Human, animal and environmental health",full,2026-12-15,"December 15, 2026",yes,1,all,"Францын үндэстэний бус, дэлхийн бусад бүх улсын судалгаа шинжилгээний эрдэмтдийг (PhD зэрэг хамгаалсан байх шаардлагатай) хүлээн авна. Франц улсад оршин суудаггүй, мэргэжлийн үйл ажиллагаа явуулдаггүй байх ёстой.","The fellowship is open to researchers of foreign nationality, with all nationalities eligible except French nationality.",https://oyaop.com/opportunity/scholarships-and-fellowships/mopga-2027-visiting-fellowship-in-france-fully-funded/,https://oyaop.com/opportunity/scholarships-and-fellowships/mopga-2027-visiting-fellowship-in-france-fully-funded/,en,2026-10-06T08:20:13+00:00,2026-10-07T06:49:18+00:00,gemma-4-26B-A4B-it-UD-Q4_K_M
329,Stipendien - Kulturstiftung,Kulturstiftung Scholarships,Kulturstiftung des Bundes,Germany,,Architecture;Visual Arts;Literature;Music,stipend_only,2026-12-15,1. Oktober bis zum 15. Dezember,no,1,unclear,"Германы эсвэл Германид оршин суудаг, уран бүтээлч нар архитектур, дүрслэх урлаг, уран зохиол, хөгжим зэрэг салбарын уран бүтээлч нар мэдүүлэг гаргах боломжтой.","Um ein Auslandsstipendium in Italien und Frankreich können sich Künstlerinnen und Künstler bewerben, die deutsche Staatsangehörige sind oder zum Zeitpunkt der Bewerbung ihren ersten Wohnsitz und Schaffensmittelpunkt nachweislich in der Bundesrepublik Deutschland haben.",https://www.kulturstiftung.de/stipendien/,https://www.kulturstiftung.de/stipendien/,de,2026-10-06T06:07:03+00:00,2026-10-07T06:48:48+00:00,gemma-4-26B-A4B-it-UD-Q4_K_M
113,MOPGA 2027: Visiting Fellowship Program for Early Career Researchers,Make Our Planet Great Again (MOPGA) Fellowship,French Ministry for Europe and Foreign Affairs (MEAE),France,postdoc,"Earth system sciences;Climate change and sustainability sciences;Energy transition;Societal challenges related to environmental issues;Human, animal and environmental health",full,2026-12-15,15 December 2026,yes,1,all,"Докторын зэрэг хамгаалаад 5 жил хүрээгүй, Франц улсын граждантай бус, олон улсын судалгааны хөдөлгөөний зорилготой, Франц улсад оршин суудаггүй, өмнө нь MOPGA тэтгэлэг авч байгаагүй залуу судлаач нар мэдүүлэг гаргах боломжтой.",Be exclusively of foreign nationality (all nationalities are eligible except French nationality);,https://campusfrance.smapply.io/prog/mopga_2027/,https://www.campusfrance.org/en/mopga-2027,en,2026-10-06T05:03:50+00:00,2026-10-07T06:35:27+00:00,gemma-4-26B-A4B-it-UD-Q4_K_M
107,MOPGA 2027: Visiting fellowship program for early career researchers,Make Our Planet Great Again (MOPGA) Fellowship,Campus France,France,postdoc,climate change;environmental topics,full,2026-12-15,"December 15, 2026",yes,1,all,"Докторын зэрэг хамгаалаад 5 жил хүрээгүй, Франц улсын граждайд бус, Франц улсад оршин суудаггүй, өмнө нь MOPGA тэтгэлэг авч байгаагүй гадаад судалгааны залуу судлаач нар.",Be exclusively of foreign nationality (all nationalities are eligible except French nationality);,https://www.campusfrance.org/en/mopga-2027-visiting-fellowship-program-for-early-career-researchers,https://www.campusfrance.org/en/mopga-2027-visiting-fellowship-program-for-early-career-researchers,en,2026-10-06T05:02:37+00:00,2026-10-07T06:35:06+00:00,gemma-4-26B-A4B-it-UD-Q4_K_M
6,"Alfred Friendly Press Partners Fellowship 2027 ($2,000 stipend)",Alfred Friendly Press Partners Fellowship,Alfred Friendly Press Partners,United States,,Journalism,stipend_only,2026-12-15,"December 15, 2026",yes,1,unclear,"АНГАЛИЙ-АЙМАТЫН гадаад сэтгүүлчдийн хувьд, АНУ-д дүрвэн суурьшсан байх шаардлагатай. Англи хэлний мэдлэг шаардлагатай.",Open only for foreign journalists who are currently exiled and living in the USA.,https://opportunitydesk.org/2026/10/05/alfred-friendly-press-partners-fellowship-2027/,https://opportunitydesk.org/2026/10/05/alfred-friendly-press-partners-fellowship-2027/,en,2026-10-06T04:31:59+00:00,2026-10-07T06:29:54+00:00,gemma-4-26B-A4B-it-UD-Q4_K_M
278,[중요/학사] 2027학년도 1학기 시행: 학부 외국인 재학생 장학금 지급 기준 변경 안내,Yeungnam University International Student Scholarship,Yeungnam University,South Korea,bachelor,,tuition_only,2026-12-23,2026.12.23.(수) 오후 4시까지,yes,1,unclear,"영남대학교 학부 외국인 재학생들을 대상으로 하며, TOPIK 급수 및 직전 학기 평점 평균(GPA) 기준을 충족해야 합니다. 장학금 혜택은 수업료의 20%에서 100%까지 차등 지급됩니다.",학부 외국인 유학생들은 변경된 장학금 기준을 반드시 확인하여 주시기 바랍니다.,https://www.yu.ac.kr/issh/board/announcements.do?mode=view&articleNo=231427879&title=%5B%EC%A4%91%EC%9A%94%2F%ED%95%99%EC%82%AC%5D+2027%ED%95%99%EB%85%84%EB%8F%84+1%ED%95%99%EA%B8%B0+%EC%8B%9C%ED%96%89%3A+%ED%95%99%EB%B6%80+%EC%99%B8%EA%B5%AD%EC%9D%B8+%EC%9E%AC%ED%95%99%EC%83%9D+%EC%9E%A5%ED%95%99%EA%B8%88+%EC%A7%80%EA%B8%89+%EA%B8%B0%EC%A4%80+%EB%B3%80%EA%B2%BD+%EC%95%88%EB%82%B4,https://www.yu.ac.kr/issh/board/announcements.do?mode=view&articleNo=231427879&title=%5B%EC%A4%91%EC%9A%94%2F%ED%95%99%EC%82%AC%5D+2027%ED%95%99%EB%85%84%EB%8F%84+1%ED%95%99%EA%B8%B0+%EC%8B%9C%ED%96%89%3A+%ED%95%99%EB%B6%80+%EC%99%B8%EA%B5%AD%EC%9D%B8+%EC%9E%AC%ED%95%99%EC%83%9D+%EC%9E%A5%ED%95%99%EA%B8%88+%EC%A7%80%EA%B8%89+%EA%B8%B0%EC%A4%80+%EB%B3%80%EA%B2%BD+%EC%95%88%EB%82%B4,ko,2026-10-06T06:03:49+00:00,2026-10-07T06:45:47+00:00,gemma-4-26B-A4B-it-UD-Q4_K_M
43,Oxford-Weidenfeld and Hoffmann Scholarship and Leadership Programme 2026-2027,Weidenfeld-Hoffmann Scholarship and Leadership Programme,Weidenfeld-Hoffmann Trust,United Kingdom,master,"Law;Business Administration;Public Policy;Computer Science;African Studies;Asian and Middle Eastern Studies;Biodiversity, Conservation and Nature Recovery;Neuroscience",full,2026-12-31,Dec 2026/Jan 2027 (annual),yes,1,all,"Африк, Ази болон Өмнөд Америк дахь шилжилтийн үе шатанд орсон болон хөгжиж буй орнуудын шилдэг оюутнуудад зориулсан тэтгэлэг бөгөөд Оксфордын их сургуульд магистрын зэрэг эзэмших боломжийг олгоно.","Rep., Congo, Rep., Costa Rica, Côte d’Ivoire (Ivory Coast), Cuba, Djibouti, Dominica, Dominican Republic, Ecuador, Egypt, El Salvador, Equatorial Guinea, Eritrea, Eswatini, Ethiopia, Fiji, French Guiana, Gabon, Gambia, Georgia, Ghana, Grenada, Guatemala, Guinea, Guinea-Bissau, Haiti, Honduras, India, Indonesia, Iran, Iraq, Jamaica, Jordan, Kazakhstan, Kenya, Kiribati, Korea (North), Kosovo, Kyrgyzstan, Lao PDR, Lebanon, Lesotho, Liberia, Libya, Madagascar, Malawi, Malaysia, Maldives, Mali, Marsh",https://www.ox.ac.uk/admissions/graduate/fees-and-funding/fees-funding-and-scholarship-search/weidenfeld-hoffmann-scholarships-and-leadership-programme,https://www.scholars4dev.com/2191/weidenfeld-scholarships-at-university-of-oxford/,en,2026-10-06T04:57:29+00:00,2026-10-07T06:31:45+00:00,gemma-4-26B-A4B-it-UD-Q4_K_M
42,Clarendon Fund Scholarships at University of Oxford,Clarendon Fund Scholarships,University of Oxford,United Kingdom,master;phd,,full,2027-01-01,Dec 2026/ Jan 2027 (annual),yes,1,all,"Дэлхийн өнцөг булан бүрээс горилогчдыг академик дээрдэлт болон ирээдүйн боломж дээр үндэслэн сонгож, бүх мэргэжлээр суралцах боломжийг олгодог.",Clarendon Scholarships are awarded on the basis of outstanding academic merit and potential to graduate students from all around the world.,https://www.ox.ac.uk/clarendon,https://www.scholars4dev.com/2269/clarendon-scholarships-at-university-of-oxford/,en,2026-10-06T04:57:11+00:00,2026-10-07T06:31:37+00:00,gemma-4-26B-A4B-it-UD-Q4_K_M
346,Harvard Loeb Fellowship 2027–28: Fully Funded - OYA Opportunities,Harvard Loeb Fellowship,Harvard Graduate School of Design,United States,,architecture;urban planning;landscape architecture;public art;journalism;civic leadership;policymaking;community development,full,2027-01-05,"January 5, 2027, at 11:59 PM ET",yes,1,all,"Ахлуулсан мэргэжлийн туршлагатай (хамгийн багадаа 8 жил), архитектур, хот төлөвлөлт, байгаль орчин, нийгмийн нөлөөлөл зэрэг салбарт ажилладаг дунд шатны мэргэжилтнүүд горилогдоно. Их дээд сургуулийн диплом шаардлагагүй.",Open to All Nationalities,https://oyaop.com/opportunity/scholarships-and-fellowships/harvard-loeb-fellowship-2027-28-fully-funded/,https://oyaop.com/opportunity/scholarships-and-fellowships/harvard-loeb-fellowship-2027-28-fully-funded/,en,2026-10-06T08:20:18+00:00,2026-10-07T06:49:23+00:00,gemma-4-26B-A4B-it-UD-Q4_K_M
10,Loeb Fellowship 2027-2028 at the Harvard Graduate School of Design (Funded),Loeb Fellowship,Harvard Graduate School of Design,United States,,Urban design;Public art;Architecture;Landscape architecture;Urban planning;Policy making;Community development,stipend_only,2027-01-05,"January 5, 2027",yes,1,unclear,"Турчлагч, сэтгүүлч, архитектор, технологич, хот төлөвлөгч, идэвхтэй оролцогч, ландшафт архитектор, бодлого боловсруулагч болон олон нийтийн уран бүтээлч нарт зориулагдсан. Тухайн салбартаа хамгийн багадаа 8 жил ажилласан туршлагатай, дунд шатны карьертай мэргэжилтнүүдийг авч үзнэ.","The Loeb Fellowship is designed for civic leaders, journalists, architects, technologists, urban planners and designers, activists, landscape architects, policy makers, and public artists who come from around the world to the Harvard Graduate School of Design with one purpose: to make the world a better place for all.",https://opportunitydesk.org/2026/10/03/loeb-fellowship-2027-2028/,https://opportunitydesk.org/2026/10/03/loeb-fellowship-2027-2028/,en,2026-10-06T04:54:48+00:00,2026-10-07T06:30:09+00:00,gemma-4-26B-A4B-it-UD-Q4_K_M
344,Skoll Scholarship 2027 at Oxford University (Fully Funded) - OYA Opportunities,Skoll Scholarship,Skoll Centre for Social Entrepreneurship at Oxford Saïd,United Kingdom,postdoc;master,Business Administration,full,2027-01-06,6 January 2027,yes,1,all,"Нийгмийн бизнес эрхлэгч, инноватор, манлайлагч нар бөгөөд нийгэм, байгаль орчны асуудлыг шийдвэрлэх зорилготой, Oxford MBA хөтөлбөрт суралцах хүсэлтэй бүх үндэстэнгийн хүмүүс горилогдоно.",Open to All Nationalities,https://oyaop.com/opportunity/scholarships-and-fellowships/skoll-scholarship-2027-at-oxford-university-fully-funded/,https://oyaop.com/opportunity/scholarships-and-fellowships/skoll-scholarship-2027-at-oxford-university-fully-funded/,en,2026-10-06T08:20:11+00:00,2026-10-07T06:49:16+00:00,gemma-4-26B-A4B-it-UD-Q4_K_M
347,GLOCAL Erasmus Mundus Scholarship 2027(Fully Funded) - OYA Opportunities,GLOCAL Erasmus Mundus Scholarship,GLOCAL,United Kingdom,master,global markets;local creativity;entrepreneurship;culture;economic development;global history;creative industries;globalisation,full,2027-01-14,14 January 2027,yes,1,all,Олон улсын оюутнууд энэхүү хоёр жилийн магистрын хөтөлбөрт хамрагдах боломжтой бөгөөд англи хэлний мэдлэг болон холбогдох мэргэжлийн зэрэг шаардлагатай.,"The GLOCAL Erasmus Mundus Scholarship 2027 offers an exciting opportunity for international students to pursue a two-year international master’s degree focused on global markets, local creativity, entrepreneurship, culture, and economic development.",https://oyaop.com/opportunity/scholarships-and-fellowships/glocal-erasmus-mundus-scholarship-2027fully-funded/,https://oyaop.com/opportunity/scholarships-and-fellowships/glocal-erasmus-mundus-scholarship-2027fully-funded/,en,2026-10-06T08:20:21+00:00,2026-10-07T06:49:26+00:00,gemma-4-26B-A4B-it-UD-Q4_K_M
389,Adlerbert Study Scholarships at Chalmers University of Technology 2026-2027,Adlerbert Study Scholarships,Adlerbert Foundations,Sweden,master,,full,2027-01-15,15 Jan 2027,yes,1,unclear,"Мастерын хөтөлбөрт элсэгчдийн дунд 143 хөгжиж буй орны иргэдийг сонгоно. Сонголт нь академик амжилт, сургуулийн нэр хүнд дээр үндэслэгдэнэ.",The Alderbert Study Scholarships offers scholarships to students who are citizens of one of 143 countries.,https://www.chalmers.se/en/education/application-and-admission/scholarships-for-fee-paying-students/,https://www.scholars4dev.com/22715/adlerbert-study-scholarships-at-chalmers-university-of-technology/,en,2026-10-06T19:09:03+00:00,2026-10-07T06:52:01+00:00,gemma-4-26B-A4B-it-UD-Q4_K_M
343,AU Emerging Global Leader Scholarship 2027 in USA | Fully Funded,AU Emerging Global Leader Scholarship,American University,United States,bachelor,,full,2027-01-15,"January 15, 2027",yes,1,all,"Олон улсын оюутнууд, АНУ-ын оюутан виз (F-1 эсвэл J-1) авах эрхтэй, АНУ-ын иргэн биш, мөн анхны курсын бакалаврын оюутан байх шаардлагатай.","The AU EGLS is intended for international students who will require a non-immigrant student visa, preferably an F-1 or J-1 visa, to study in the United States.",https://oyaop.com/opportunity/scholarships-and-fellowships/au-emerging-global-leader-scholarship-2027-in-usa-fully-funded/,https://oyaop.com/opportunity/scholarships-and-fellowships/au-emerging-global-leader-scholarship-2027-in-usa-fully-funded/,en,2026-10-06T08:20:11+00:00,2026-10-07T06:49:12+00:00,gemma-4-26B-A4B-it-UD-Q4_K_M
322,Bewerbung,Hanns Seidel Foundation Scholarship,Hanns-Seidel-Stiftung,Germany,research;postdoc;bachelor;master,,stipend_only,2027-01-15,15. Januar 2027,yes,1,unclear,"Олон улсын оюутан, докторант болон журналистууд мэдүүлэг гаргах боломжтой. Олон улсын оюутнууд герман хэлний B2 түвшний мэдлэгтэй байх шаардлагатай.",Internationale Studierende und Promovierende (Ausländer),https://www.hss.de/stipendium/bewerbung/,https://www.hss.de/stipendium/bewerbung/,de,2026-10-06T06:06:35+00:00,2026-10-07T06:48:22+00:00,gemma-4-26B-A4B-it-UD-Q4_K_M
156,Стипендиум Хунгарикум,Stipendium Hungaricum,Hungarian Government,Hungary,bachelor;master;other;phd;language;short_course,,full,2027-01-15,середина января,no,1,unclear,Венгрийн засгийн газраас олгодог энэхүү тэтгэлэг нь түнш орнуудын иргэд болон олон улсын оюутнуудад зориулагдсан. Өргөдөл гаргагч нь өөрийн иргэншилтэй улсаар дамжуулан өргөдөл гаргах ёстой бөгөөд тэр улс нь Венгрийн түнш орнуудын жагсаалтад байх шаардлагатай.,Заявку можно подать только через страну своего гражданства - и только если у неё есть действующее соглашение с Венгрией.,https://global-generations.com/blog/stipendium-hungaricum,https://global-generations.com/blog/stipendium-hungaricum,ru,2026-10-06T05:07:00+00:00,2026-10-07T06:38:11+00:00,gemma-4-26B-A4B-it-UD-Q4_K_M
115,Asian Pacific Islander Scholarships - APIA Scholars,,APIA Scholars,United States,bachelor;research;postdoc;master;phd,,partial,2027-01-15,"January 15th, 2027 5pm EST",no,1,unclear,"Америкийн нэгдсэн улс, Маршалл арлын нэгдсэн улс, Микронезийн Федератив улс, эсвэл Палау улсын иргэн, үндэсний хүн эсвэл хууль ёсны байнгын оршин суугч байх шаардлагатай. Мөн АНУ-ын магадлан итгэмжлэгдсэн сургуульд бакалаврын зэрэгт суралцаж буй эсвэл суралцах оюутан байх ёстой.","Be a citizen, national, or legal permanent resident of the United States, the Republic of the Marshall Islands, Federated States of Micronesia, or the Republic of Palau,",https://apiascholars.org/scholarships/,https://apiascholars.org/scholarships/,en,2026-10-06T05:03:50+00:00,2026-10-07T06:26:05+00:00,gemma-4-26B-A4B-it-UD-Q4_K_M
49,KTH Scholarships 2026-2027,KTH Scholarship,KTH Royal Institute of Technology,Sweden,master,,tuition_only,2027-01-15,15 Jan 2027 (annual),yes,1,unclear,"Ерômeгийн сургалтын төлбөрийг төлөх шаардлагатай, KTH-ийн магистрын хөтөлбөрт нэн тэргүүний эрхээр (first priority) элсэлтийн мэдүүлэг гаргасан, академик гүйцэтгэлээрээ онцгой байх шаардлагатай ЭЕЭ/ЕАА/ЕАА-ын бус орны иргэд.",Citizens from non-EU/EEA/EFTA countries,https://www.kth.se/en/studies/master/general/scholarships/kth-scholarship-1.72827,https://www.scholars4dev.com/14048/kth-tuition-fee-waivers-for-non-eu-students/,en,2026-10-06T04:57:36+00:00,2026-10-07T06:32:00+00:00,gemma-4-26B-A4B-it-UD-Q4_K_M
47,Reach Oxford Scholarships for Developing Country Students 2026-2027 | Scholars4Dev,Reach Oxford Scholarships,University of Oxford,United Kingdom,bachelor,all subjects except medicine,full,2027-01-26,26 Jan 2027,yes,1,unclear,"Хөгжиж буй орнуудын иргэд (OECD DAC-ийн туслалцаа авдаг улс) суралцах эрх авсан, өндөр академик чадвартай, санхүүгийн хүндрэлтэй, нийгмийн үйл хэрэгт оролцдог байх шаардлагатай. Суралцаж дууссаны дараа эх орноороо буцаж очих зорилготой байх ёстой.",Applicants must be nationals of countries who receive official development assistance from the Development Assistance Committee (DAC) of the Organisation for Economic Co-operation and Development (OECD).,http://www.ox.ac.uk/admissions/undergraduate/fees-and-funding/oxford-support/reach-oxford-scholarship,https://www.scholars4dev.com/3648/reach-oxford-undergraduate-scholarships-for-developing-country-students/,en,2026-10-06T04:57:31+00:00,2026-10-07T06:31:58+00:00,gemma-4-26B-A4B-it-UD-Q4_K_M
159,Стипендия Erasmus Mundus 2027: сумма и условия,Erasmus Mundus Joint Masters,European Union,European Union,master,,full,2027-01-31,обычно с октября по январь,yes,1,all,Бакалаврын төгсөлсөн эсвэл сүүлчийн курсын оюутан байх шаардлагатай. Дэлхийн өнцөг булан бүрээс оюутан горилох боломжтой (стипендийг дэлхийн өнцөг булан бүрээс оюутан авч болно).,"В правилах сказано, что стипендии EMJM могут получать студенты со всего мира.",https://www.studyu.org/blog-stipendiya-erasmus-mundus,https://www.studyu.org/blog-stipendiya-erasmus-mundus,ru,2026-10-06T05:07:37+00:00,2026-10-07T06:38:26+00:00,gemma-4-26B-A4B-it-UD-Q4_K_M
44,Radboud Scholarship Programme for International Students 2026-2027,Radboud Scholarship Programme,Radboud University,Netherlands,master,Arts;Law;Management;Philosophy;Theology;Religious Studies;Science;Social Sciences,partial,2027-01-31,31 January 2027 (annual),yes,1,unclear,"ЕХХА/ЕАА-аас гадуурх паспорттай, Нидерланд улсад бакалавр болон өмнөх боловсрол эзэмшээгүй, сонгосон магистрын хөтөлбөрийн англи хэлний мэдлэгийн шаардлага хангасан, тухайн магистрын хөтөлбөрт бүрэн элсэх эрх авсан, визний шаардлага хангаж чадах, мөн Radboud их сургуульд бүрэн цагийн оюутан болсон байх шаардлагатай.",The Radboud Scholarship Programme offers a selected number of talented prospective non-EEA students the opportunity to receive a scholarship to pursue a complete English-taught Master’s degree programme at Radboud University.,http://www.ru.nl/english/education/master’s-programmes/financial-matters/scholarships-grants/read_more/rsprogramme/,https://www.scholars4dev.com/6127/radboud-university-scholarships-for-international-students/,en,2026-10-06T04:57:29+00:00,2026-10-07T06:31:49+00:00,gemma-4-26B-A4B-it-UD-Q4_K_M
387,Maastricht University NL-High Potential Scholarships for International Students 2026-2027 | Scholars4Dev,Maastricht University NL-High Potential Scholarship,Maastricht University,Netherlands,master,,full,2027-02-01,"1 February 2027, 23:59 CET",yes,1,unclear,"Европы холбоо (EU/EEA)-ны бус орны иргэн байх, Маастрихтын их сургуулийн магистрын хөтөлбөрт элсэх хүсэлт гаргасан, 2027 оны 9-р сарын 1-нд 35 хүртэлх насны байх, өмнөх сурлагадаа 10 онооноос 7.5-аас дээш GPA-тай байх шаардлагатай.","You hold nationality in a country outside the EU/EEA, Switzerland or Surinam and meet the requirements for obtaining an entry visa and residence permit for the Netherlands.",https://www.maastrichtuniversity.nl/support/your-studies-begin/coming-maastricht-university-abroad/um-scholarships-students-abroad,https://www.scholars4dev.com/2808/scholarships-for-high-potential-international-students-at-maastricht-university/,en,2026-10-06T19:09:02+00:00,2026-10-07T06:51:58+00:00,gemma-4-26B-A4B-it-UD-Q4_K_M
388,VU Amsterdam Fellowship Programme for International Students 2026-2027,VU Amsterdam Fellowship Programme,Vrije Universiteit Amsterdam,Netherlands,master,English-taught Master’s Degree Programmes,tuition_only,2027-02-01,1 Feb 2027,yes,1,unclear,"ЕХЕЛБЭЛЭН: Европын Эдийн Засаг Хүчний холбоо (EU/EEA) бус улсын иргэд, сургуулийн төлбөрийг хөнгөлөх эрхгүй, академик чадвар өндөртэй (GPA нь Нидерландын 8-тай тэнцэх), Vrije Universiteit Amsterdam-д англи хэл дээрх магистрын хөтөлбөрт элсэх эрх авсан оюутнууд.",The VU Fellowship Programme (VUFP) offers talented prospective non- EU/ EEA students the unique opportunity to pursue a Master’s degree at Vrije Universiteit Amsterdam.,https://vu.nl/en/education/more-about/incoming-master-scholarships,https://www.scholars4dev.com/9784/vu-university-amsterdam-fellowship-programme-for-international-students/,en,2026-10-06T19:09:02+00:00,2026-10-07T06:52:00+00:00,gemma-4-26B-A4B-it-UD-Q4_K_M
348,Hamad Bin Khalifa University Scholarship in Qatar (Fully Funded) - OYA Opportunities,Hamad Bin Khalifa University Scholarship,Hamad Bin Khalifa University (HBKU),Qatar,bachelor;master;phd,Islamic Studies;Science;Engineering;Health and Life Sciences;Economics;Management;Humanities;Social Sciences,full,2027-02-01,International applicants deadline: 1 February 2027,yes,1,unclear,"Оюутны болон магистр, докторын түвшний оюутнууд горил නэр дэвшүүлэх боломжтой. Оюутнууд хүлээн зөвшөөрөгдсөн сургуулийн дипломтой, өндөр эрдэм шинжилгээний амжилттай, англи хэлний мэдлэгтэй (IELTS/TOEFL) байх шаардлагатай.",International students interested in studying in Qatar can explore HBKU’s undergraduate and graduate programs and apply online through the university’s official admissions portal.,https://oyaop.com/opportunity/scholarships-and-fellowships/hamad-bin-khalifa-university-scholarship-in-qatar-fully-funded/,https://oyaop.com/opportunity/scholarships-and-fellowships/hamad-bin-khalifa-university-scholarship-in-qatar-fully-funded/,en,2026-10-06T08:20:22+00:00,2026-10-07T06:49:31+00:00,gemma-4-26B-A4B-it-UD-Q4_K_M
157,Стипендии Маастрихтского университета 2027 в Нидерландах — полное финансирование,Maastricht University Scholarships,Maastricht University,Netherlands,bachelor;master,,full,2027-02-01,1 февраля 2027 года,yes,1,unclear,ЕХ ЕС/ЕЭЗ-ээс бус улсын оюутан байх,Студенты из стран за пределами ЕС/ЕЭЗ,https://dreamhigh.info/listings/maastricht-university-scholarship-8125/,https://dreamhigh.info/listings/maastricht-university-scholarship-8125/,ru,2026-10-06T05:07:00+00:00,2026-10-07T06:38:15+00:00,gemma-4-26B-A4B-it-UD-Q4_K_M
38,World Bank Scholarships Program - JJ/WBGSP,Joint Japan/World Bank Graduate Scholarship Program,World Bank,United States,master,economic policy management;tax policy;infrastructure management;development-related topic,full,2027-02-26,"Application Window #1 from January 18 to February 26, 2027",yes,1,unclear,"Хөгжлийн орнуудад иргэнчлэлтэй, холбогдох мэргэжлийн туршлагатай, тус улсынхаа хөгжилд хувь нэмэр оруулж ирсэн туршлагатай, хөгжлийн чиглэлээр магистрын хөтөлбөрт суралцах горимд гориллож буй хүмүүс.",The JJ/WBGSP is open to citizens of certain developing countries with relevant professional experience and a history of supporting their countries’ development efforts who are applying to a master's degree program in a development-related topic.,https://www.worldbank.org/en/programs/scholarships/jj-wbgsp,https://www.worldbank.org/en/programs/scholarships/jj-wbgsp,en,2026-10-06T04:56:55+00:00,2026-10-07T06:31:26+00:00,gemma-4-26B-A4B-it-UD-Q4_K_M
326,„Promotionsstipendium Bewerbung“ | Heinrich-Böll-Stiftung,Heinrich Böll Foundation Doctoral Scholarship,Heinrich-Böll-Stiftung,Germany,phd,,stipend_only,2027-03-01,Das Online-Bewerbungsportal öffnet am 15. Januar 2027 und schließt am 1. März 2027.,yes,1,unclear,"Докторын зэрэг хамгаалагч гадаад оюутнууд (ЕС-ээс болон ЕС-ээс гадуурх орнууд, дүрвэгчид) Герман улсад суралцах эрхтэй. Түүнчлэн DAC (хөгжиж буй орнууд) бүлгийн орнуудаас ирсэн, өргөдөл гаргах үед эх орндхоороо байгаа горилогчдод нэн тэргүүний эрх олгогдоно.","Vorrang haben Bewerber*innen aus DAC-Ländern, die sich zum Zeitpunkt der Bewerbung noch im Herkunftsland aufhalten.",https://www.boell.de/de/stipendium-promotion,https://www.boell.de/de/stipendium-promotion,de,2026-10-06T06:06:51+00:00,2026-10-07T06:48:36+00:00,gemma-4-26B-A4B-it-UD-Q4_K_M
316,„Studienstipendium Bewerbung“ | Heinrich-Böll-Stiftung,Heinrich Böll Foundation Scholarship,Heinrich-Böll-Stiftung,Germany,bachelor;master;postdoc;phd;other,,stipend_only,2027-03-01,Das Online-Bewerbungsportal öffnet am 15. Januar 2027 und schließt am 1. März 2027.,yes,1,unclear,Герман улсад магистр эсвэл диплом/төвлөрсөн сургалтын чиглэлээр суралцаж буй гадаад оюутнууд (өөрийн эх орондоо суралцаж буй) болон DAC (хөгжиж авч буй орнууд) бүлгийн орнуудаас ирсэн оюутнуудад давуу эрх олгоно.,"Vorrang haben Bewerber*innen aus DAC-Ländern, die sich zum Zeitpunkt der Bewerbung noch im Herkunftsland aufhalten.",https://www.boell.de/de/stipendium-studium,https://www.boell.de/de/stipendium-studium,de,2026-10-06T06:06:03+00:00,2026-10-07T06:48:04+00:00,gemma-4-26B-A4B-it-UD-Q4_K_M
28,Apply Now,TaiwanICDF Scholarship,TaiwanICDF,Taiwan,,,full,2027-03-15,"March 15, 2027",unclear,0,unclear,ТайваньICDF болон Тайвань-Европын тэтгэлэгт хамрагдах горилогчид онлайн өргөдөл гаргах ёстой.,,https://www.icdf.org.tw/wSite/ct?xItem=69338&ctNode=31566&mp=2,https://www.icdf.org.tw/wSite/ct?xItem=69338&ctNode=31566&mp=2,en,2026-10-06T04:56:13+00:00,2026-10-07T06:30:59+00:00,gemma-4-26B-A4B-it-UD-Q4_K_M
333,"TEV, ABD VE BATI AVRUPA ÜLKELERİ YÜKSEK LİSANS BURSU",TEV USA and Western Europe Master's Scholarship,Türk Eğitim Vakfı,"USA, Belgium, Netherlands, Austria, Switzerland, Sweden, Norway, Finland, Italy, Spain, Portugal, Denmark, Luxembourg, Czechia, Hungary, Iceland, Estonia, Greece",master,All fields except Medicine and Performing Arts,partial,2027-03-26,26 Mart 2027 17:00,no,1,unclear,"Турк улсын иргэн байх ёстой, 35 хүртэлх насны, Түрэк улсын YÖK-д харьяалалтай их сургуулиас бакалаврын зэрэг хамгаалсан, GPA 3.0 (4.0-ын систем дээр) эсвэл 76.5 (100-ын систем дээр) буюу түүнээс дээш оноотой, англи хэлний шалгалтын оноотой (TOEFL, IELTS гэх мэт) байх шаардлагатай.","T.C. vatandaşı ve 1 Ocak itibarıyla 35 yaş altında olmak,",https://yurtdisi.tev.org.tr/login,https://www.tev.org.tr/burs/tr/26/abd-ve-bati-avrupa-burslari,tr,2026-10-06T06:07:30+00:00,2026-10-07T06:49:04+00:00,gemma-4-26B-A4B-it-UD-Q4_K_M
264,Global Summer Programme (GSP),Global Summer Programme,Singapore Management University,Singapore,postdoc,Asian Studies;Digital Intelligence;Sustainability;Artificial Intelligence;Business Data Management;Smart Cities;Southeast Asian Studies;Entrepreneurship,unknown,2027-04-15,15 APRIL 2027 2359 hours (GMT +8),yes,1,unclear,"БАКЛАЛРА, МАГИСТРАТРА эсвэл саянд төгссөн оюутнууд энэхүү хөтөлбөрт хамрагдах боломжтой.",Spend four weeks with SMU professors and international students,https://geo.smu.edu.sg/study-in-smu/global-summer-programme,https://geo.smu.edu.sg/study-in-smu/global-summer-programme,en,2026-10-06T06:02:32+00:00,2026-10-07T06:44:33+00:00,gemma-4-26B-A4B-it-UD-Q4_K_M
39,World Bank Scholarships Program - Japanese Nationals,Joint Japan/World Bank Graduate Scholarship Program,World Bank,,master;phd,development-related fields,full,2027-04-16,"April 16, 2027",no,1,unclear,"Японы дунд шатны мэргэжилтнүүд, хөгжилтэй орнуудад ядуурлыг бууруулах, хамтын хөгжлийг дэмжих зорилготой төгсөгчид энэхүү тэтгэлэгт хамрагдах боломжтой.","The JJ/WBGSP provides scholarships for up to two-years to a limited number of Japanese mid-career professionals who are dedicated to the alleviation of poverty and enhanced shared prosperity in developing countries, and who have been admitted to or are currently enrolled in a master’s or PhD graduate degree program outside of Japan and in development-related fields.",https://www.worldbank.org/en/programs/scholarships/japanese-nationals,https://www.worldbank.org/en/programs/scholarships/japanese-nationals,en,2026-10-06T04:56:55+00:00,2026-10-07T06:31:34+00:00,gemma-4-26B-A4B-it-UD-Q4_K_M
257,Mongolia - Open Study/Research Award,Fulbright U.S. Student Program,Fulbright U.S. Student Program,Mongolia,master;phd,agriculture;anthropology;archaeology;business;computer science;education;engineering;environmental sciences,stipend_only,2027-08-01,Candidates should design projects that begin in August or September of 2027.,no,1,unclear,"Америкийн магистр болон докторын түвшний оюутнууд Монгол Улсад судалгаа, хичээл эсвэл судалгааны ажил хийх боломжтой.",The Fulbright U.S. Student Program in Mongolia offers one Open Study/Research Award to a U.S. graduate or PhD student to conduct a 10-month period of research and/or study in Mongolia.,https://us.fulbrightonline.org/countries/east-asia-pacific/mongolia/1590,https://us.fulbrightonline.org/countries/east-asia-pacific/mongolia/1590,en,2026-10-06T06:02:04+00:00,2026-10-07T06:44:10+00:00,gemma-4-26B-A4B-it-UD-Q4_K_M
261,Weiss Fund Fellowship for Junior Researchers 2027,Weiss Fund Fellowship for Junior Researchers,Weiss Fund,,phd,Economics;Agricultural Economics;Resource Economics;Public Policy,full,2027-08-31,31 August 2027,unclear,0,unclear,"Эдийн засгийн ухааны PhD зэрэгтэй, хөгжиж буй орнуудад эрдэм шинжилгээний ажил хийх сонирхолтой залуу судлаач нарт зориулсан тэтгэлэг. Өргөдөл гаргагч нь 2027 оны 7 дугаар сарын 1-ний өмнө PhD зэрэг хамгаалсан эсвэл хамгаалахаар байгаа байх ёстой.",The fellowship is offering supplementary financial support to exceptional economics PhD candidates entering academic or research positions in eligible developing countries.,https://www.globalsouthopportunities.com/2026/10/02/weiss/,https://www.globalsouthopportunities.com/2026/10/02/weiss/,en,2026-10-06T06:02:15+00:00,2026-10-07T06:44:21+00:00,gemma-4-26B-A4B-it-UD-Q4_K_M
268,Schwarzman Scholars,Schwarzman Scholars,Schwarzman Scholars,China,master,,full,2027-09-30,Sep 2027,yes,1,unclear,"Бүх мэргэжлээр суралцаж болох бөгөөд нэр дэвшүүлэгч нь 18-аас 29 хүртэлх насны, англи хэлний мэдлэг сайтай, манлайлах чадвартай дэлхийн ямар ч бүс нутгийн иргэн байх шаардлагатай.",Schwarzman Scholars are selected from an international pool of distinguished candidates.,https://www.schwarzmanscholars.org/admissions/,https://www.schwarzmanscholars.org/admissions/,en,2026-10-06T06:02:48+00:00,2026-10-07T06:44:49+00:00,gemma-4-26B-A4B-it-UD-Q4_K_M
370,"БОЛОВСРОЛЫН ЗЭЭЛИЙН САНГИЙН САНХҮҮЖИЛТЭЭР ДЭЛХИЙН ШИЛДЭГ ИХ ДЭЭД СУРГУУЛЬД ТЭТГЭЛЭГ, ЗЭЭЛЭЭР СУРАЛЦУУЛАХ СОНГОН ШАЛГАРУУЛАЛТЫН ЗАР /2025-2026/",Education Loan Fund Scholarship Program 2025-2026,Education Loan Fund,,postdoc;master;bachelor,,full,,,yes,1,unclear,"Монгол Улсын урт, дунд хугацааны хөгжлийн бодлогыг хэрэгжүүлэх, олон улсад өрсөлдөх мэдлэг чадвартай, нийгэм, эдийн засаг, шинжлэх ухааны хөгжилд бодит хувь нэмрээ оруулах манлайлагчийг бэлтгэх зорилгоор дотоодын болон гадаадын сургалтын байгууллагад тэргүүлэх, эсхүл эрэлттэй мэргэжлийн чиглэлээр эзэмших суралцагчид Засгийн газрын тэтгэлэг олгоно.","Монгол Улсын урт, дунд хугацааны хөгжлийн бодлогыг хэрэгжүүлэх, олон улсад өрсөлдөх мэдлэг чадвартай, нийгэм, эдийн засаг, шинжлэх ухааны хөгжилд бодит хувь нэмрээ оруулах манлайлагчийг бэлтгэх зорилгоор дотоодын болон гадаадын сургалтын байгууллагад тэргүүлэх, эсхүл эрэлттэй мэргэжлийн чиглэлээр эзэмших суралцагчид Засгийн газрын тэтгэлэг олгоно.",https://scholarship.esis.edu.mn/grant/news%20more.html?more=79,https://scholarship.esis.edu.mn/grant/news%20more.html?more=79,mn,2026-10-06T08:22:21+00:00,2026-10-07T06:50:52+00:00,gemma-4-26B-A4B-it-UD-Q4_K_M
360,Erasmus Mundus Joint Masters scholarships,Erasmus Mundus Joint Masters Scholarships,,Multiple,master,,full,,"In most cases, you should submit your application between October and January for courses starting the following academic year.",yes,1,unclear,Дэлхийн өнцөг булан бүрээс магистрын түвшний оюутнууд горилогдож болно. Та бакалаврын зэрэгтэй эсвэл бакалаврын сургалтын сүүлчийн жил дээрээ байх шаардлагатай.,Students at master's level from all over the world can apply.,https://www.mastersportal.com/scholarships/4335/erasmus-mundus-joint-masters-scholarships.html,https://www.mastersportal.com/scholarships/4335/erasmus-mundus-joint-masters-scholarships.html,en,2026-10-06T08:21:20+00:00,2026-10-07T06:50:11+00:00,gemma-4-26B-A4B-it-UD-Q4_K_M
358,"Studyportals €10,000 Scholarship","Studyportals €10,000 Scholarship",Studyportals,,,,partial,,,unclear,0,unclear,Тусгайгүй,,https://www.mastersportal.com/account/?section=recommendations,https://www.mastersportal.com/account/?section=recommendations,en,2026-10-06T08:21:08+00:00,2026-10-07T06:50:02+00:00,gemma-4-26B-A4B-it-UD-Q4_K_M
353,長庚大學-Admission for International Students-CGU Master's Program Scholarships and Grants,Chang Gung University Master's Program Scholarships and Grants,Chang Gung University,Taiwan,master,,full,,,unclear,0,unclear,"Олон улсын оюутнууд (International Students) магистрын хөтөлбөрт хамрагдах боломжтой бөгөөд англи хэлний мэдлэгийн шаардлага (TOEFL, IELTS, TOEIC гэх мэт) болон сурлагын амжилтаар дамжуулан тэтгэлэг авах боломжтой.",Admission for International Students,https://www.cgu.edu.tw/recruit_intl/Contents?nodeId=17605,https://www.cgu.edu.tw/recruit_intl/Contents?nodeId=17605,en,2026-10-06T08:20:43+00:00,2026-10-07T06:49:46+00:00,gemma-4-26B-A4B-it-UD-Q4_K_M
352,長庚大學-Admission for International Students-CGU Doctoral Program Scholarships and Grants,CGU Doctoral Program Scholarships and Grants,Chang Gung University,Taiwan,phd,,stipend_only,,,unclear,0,unclear,"Докторын зэрэгт суралцах олон улсын оюутнуудад зориулсан тэтгэлэг бөгөөд англи хэлний мэдлэгийн шаардлага (TOEFL, IELTS гэх мэт) болон эрдэм шинжилгээний зөвшөөрөл (qualifying examination) өгөх шаардлагатай.",Admission for International Students,https://www.cgu.edu.tw/recruit_intl/Contents?nodeId=17604,https://www.cgu.edu.tw/recruit_intl/Contents?nodeId=17604,en,2026-10-06T08:20:41+00:00,2026-10-07T06:49:43+00:00,gemma-4-26B-A4B-it-UD-Q4_K_M
351,Student Exchange Support Program (Scholarship for Study in Japan under Agreement),Student Exchange Support Program (Scholarship for Study in Japan under Agreement),JASSO,Japan,short_course;exchange,,stipend_only,,,yes,1,all,"Япон улсын дипломат харилцаатай бүх улсын оюутнууд (Тайвань, Палестин улс оронд байгаа оюутнууд ч багтана), Японы сургуульд солилцооны хөтөлбөрөөр элсэгдсэн, санхүүгийн чадавчгүй, суралцах визтэй, эх сургуульдаа сурлагаа үргэлжлүүлэх боломжтой, сурлагын амжилттай оюутнууд энэхүү тэтгэлэгт хамрагдах боломжтой.",Students from all countries that have diplomatic relations with Japan.（Students from Taiwan and Palestine are acceptable.）,https://www.jasso.go.jp/en/ryugaku/scholarship_j/ukeire.html,https://www.jasso.go.jp/en/ryugaku/scholarship_j/ukeire.html,en,2026-10-06T08:20:40+00:00,2026-10-07T06:49:40+00:00,gemma-4-26B-A4B-it-UD-Q4_K_M
350,БНХАУ-ын Засгийн газрын тэтгэлэгт хамрагдах тухай түгээмэл асуулт хариулт,,Government of the People's Republic of China,China,,,full,,,yes,1,unclear,The scholarship is for the 2025/2026 academic year. Applicants must obtain a pre-admission letter from their chosen university to be eligible for the Chinese Government Scholarship.,Published by Chinese Embassy in Mongolia мэдэгдэл,http://mn.china-embassy.gov.cn/zytz/202411/t20241111_11524362.htm,https://mn.china-embassy.gov.cn/mn/zytz/202412/t20241221_11514680.htm,mn,2026-10-06T08:20:34+00:00,2026-10-06T08:20:34+00:00,gemma-4-26B-A4B-it-UD-Q4_K_M
341,"2026년도 국비유학생(일반, 꿈나래, 기술‧기능인) 선발시험 공고",Government Scholarship for Overseas Study,National Institute for International Education (NIIED),South Korea,master;phd,Regional Studies;Special Foreign Languages;Humanities;Social Sciences;Natural Sciences;Aerospace;Future Mobility;Biohealth,full,,2026년 3월 25일,yes,1,list,"БНБ (Байгалийн үндэсний сан)-ын сургалтын хөтөлбөрт хамрагдах горимд орсон оюутнууд болон тухайн хөтөлбөрийн шаардлагыг хангасан, БНСУ-ын их дээд сургууль төгсөөд эсвэл төгсөх болсон, гадаад хэлний шалгалтын оноотой, Солонгосын түүхийн шалгалтанд (3-р түвшин) тэнцсэн хүмүүс хамрагдах боломжтой. Хоёр улсын иргэншилтэй хүмүүс суралцахын өмнө гадаад иргэншлээ тавьсан байх ёстой.","| 그리스어, 네덜란드어, 라오스어, 말레이시아어·인도네시아어, 몽골어, 미얀마어, 베트남어, 스와힐리어, 스웨덴어, 아랍어, 아제르바이잔어, 우즈베크어, 우크라이나어, 이란어, 이탈리아어, 체코어, 카자흐어, 크로아티아어, 크메르어, 태국어, 터키어, 포르투갈어·브라질어, 폴란드어, 헝가리어, 힌디어 (총25개어) 					 |",https://www.niied.go.kr/convert/preview/1774398472263/index.html,https://www.niied.go.kr/convert/preview/1774398472263/index.html,ko,2026-10-06T06:10:09+00:00,2026-10-07T06:45:47+00:00,gemma-4-26B-A4B-it-UD-Q4_K_M
336,2027 年度 日本政府（文部科学省）奨学金留学生募集要項 研 究 留 学 生（大 使 館 推 薦）,Japanese Government (MEXT) Scholarship,"Ministry of Education, Culture, Sports, Science and Technology (MEXT)",Japan,master;research;postdoc,,full,,,yes,1,all,"Япон улсын засгийн газрын (MEXT) тэтгэлэгт шалгаруулагдах горимд дараах шаардлагыг хангасан гадаад оюутан гориломж гаргах боломжтой: Япон улстай дипломат харилцаатай улсын иргэн байх, 1992 оны 4-р сарын 2-ны дараа төрсөн байх, магистр эсвэл докторын түвшинд суралцах боловсролын шаардлага хангасан байх, япон хэл сурах эрмэлзэлтэй байх, эрүүл байх.",日本政府と国交のある国の国籍を有すること。,https://www.studyinjapan.go.jp/en/_mt/2026/04/02-2027_Research_Guidelines_J.pdf,https://www.studyinjapan.go.jp/en/_mt/2026/04/02-2027_Research_Guidelines_J.pdf,ja,2026-10-06T06:10:06+00:00,2026-10-07T06:40:23+00:00,gemma-4-26B-A4B-it-UD-Q4_K_M
337,2027 年度 日本政府（文部科学省）奨学金留学生募集要項 学部留学生（大使館推薦）,MEXT Scholarship for Undergraduate Students,"Ministry of Education, Culture, Sports, Science and Technology (MEXT)",Japan,bachelor,Law;Politics;Education;Sociology;Literature;History;Japanese Studies;Economics,full,,"No specific application deadline date is provided in the text, though it mentions placement discussions until 2027-02-12.",unclear,0,all,"Япон улсын иргэн биш, Япон улстай дипломат харилцаатай улсын иргэн байх шаардлагатай. 2002 оны 4-р сарын 2-оос хойш төрсөн, 12 жилийн ерөнхий боловсролын сургалтыг бүрэн дүүргэсэн эсвэл түүнтэй дүйцэхүйц боловсролтой байх ёстой.",日本政府と国交のある国の国籍を有すること。申請時に日本国籍を有する者は原則として募集の対象とならない。,https://www.studyinjapan.go.jp/en/_mt/2026/04/2027_Guidelines_Undergraduate_J.pdf,https://www.studyinjapan.go.jp/en/_mt/2026/04/2027_Guidelines_Undergraduate_J.pdf,ja,2026-10-06T06:10:06+00:00,2026-10-07T06:40:28+00:00,gemma-4-26B-A4B-it-UD-Q4_K_M
339,2027年度海外留学支援制度（学部学位取得型）募集要項（都道府県推薦枠）,JASSO Overseas Study Support Program (Undergraduate Degree),Japan Student Services Organization (JASSO),Japan,bachelor,,full,,No specific deadline date provided in the text.,yes,1,list,Энэхүү тэтгэлэгт япон улсын иргэн эсвэл Японд оршин суух эрхтэй (тусгай оршин суугч гэх мэт) хүмүүс хамрагдах боломжтой. Мөн 2027 оны 3-р сард ахлах сургуулиа төгсөх болзолтой байх шаардлагатай.,"109 大韓民国 F 189,000 110 ラオス H 139,000 111 マカオ B 297,000 112 マレーシア D 239,000 113 モンゴル H 139,000 114 ミャンマー H 139,000 115 ネパール H 139,000 116 パキスタン H 139,000 117 フィリピン H 139,000",https://www.jasso.go.jp/ryugaku/scholarship_a/gakubu/__icsFiles/afieldfile/2026/07/15/2027g_youkou_todofuken_1.pdf,https://www.jasso.go.jp/ryugaku/scholarship_a/gakubu/__icsFiles/afieldfile/2026/07/15/2027g_youkou_todofuken_1.pdf,ja,2026-10-06T06:10:06+00:00,2026-10-07T06:45:23+00:00,gemma-4-26B-A4B-it-UD-Q4_K_M
340,2027年度海外留学支援制度（学部学位取得型）,JASSO Overseas Study Support Program (Undergraduate Degree),Japan Student Services Organization (JASSO),Japan,bachelor,,full,,No specific deadline date provided in the text snippet.,yes,1,list,Энэхүү тэтгэлэгт япон улсын иргэд болон Японд оршин суух эрхтэй хүмүүс (тусгай оршин суугчид багтсан) хамрагдах боломжтой. Өргөдөл гаргагч нь өндөр сургуулийн төгсөхөөсөө хойш 3 жилийн дотор байх эсвэл дэмжлэг эхлэх хугацаанд төгсөх шаардлагатай.,"109 大韓民国 F 189,000 110 ラオス H 139,000 111 マカオ B 297,000 112 マレーシア D 239,000 113 モンゴル H 139,000 114 ミャンマー H 139,000 115 ネパール H 139,000 116 パキスタン H 139,000 117 フィリピン H 139,000",https://www.jasso.go.jp/ryugaku/scholarship_a/gakubu/__icsFiles/afieldfile/2026/07/15/2027g_youkou_kojin.pdf,https://www.jasso.go.jp/ryugaku/scholarship_a/gakubu/__icsFiles/afieldfile/2026/07/15/2027g_youkou_kojin.pdf,ja,2026-10-06T06:10:06+00:00,2026-10-07T06:45:29+00:00,gemma-4-26B-A4B-it-UD-Q4_K_M
335,İç Moğolistan Tarım Üniversitesi CSC Bursu 2026,Inner Mongolia Agricultural University CSC Scholarship,Chinese Scholarship Council (CSC),China,bachelor;master;phd,Agricultural Sciences;Horticulture;Animal Science;Veterinary;Scientific Agriculture;Environmental Science;Food Science and Engineering;Agricultural Engineering,full,,,yes,1,unclear,"Бурс олон улсын оюутнуудад зориулагдсан бөгөөд хүсэлт гаргагч нь Хятад улсын иргэн биш, хүчинтэй гадаад паспорттай, тухайн хөтөлбөрийн академик шаардлагыг хангасан, англи эсвэл хятад хэлний мэдлэгтэй, эрүүл байх шаардлагатай.","İç Moğolistan Ziraat Üniversitesi (IMAU), tarım ve ilgili disiplinlerde yüksek öğrenim görmek isteyen uluslararası öğrencilere Çin Burs Konseyi (CSC) Bursu sunmaktadır.",https://www.chinesescholarshipcouncil.com/tr/i%C3%A7-mo%C4%9Folistan-tar%C4%B1m-%C3%BCniversitesi-csc-bursu.html,https://www.chinesescholarshipcouncil.com/tr/i%C3%A7-mo%C4%9Folistan-tar%C4%B1m-%C3%BCniversitesi-csc-bursu.html,tr,2026-10-06T06:07:42+00:00,2026-10-07T06:49:12+00:00,gemma-4-26B-A4B-it-UD-Q4_K_M
334,İç Moğolistan Teknoloji Üniversitesi CSC Bursu 2026,China Scholarship Council Scholarship,Inner Mongolia University of Technology,China,bachelor;master;phd,Engineering;Science;Business;Humanities;Computer Science and Technology;Environmental Science and Engineering;Material Science and Engineering;Chemistry,full,,,yes,1,unclear,CSC тэтгэлэл нь Хятадын иргэдээс бусад бүх орны олон улсын оюутнуудад нээлттэй.,"CSC Bursu, Çin vatandaşları hariç tüm ülkelerden gelen uluslararası öğrencilere açıktır.",https://www.chinesescholarshipcouncil.com/tr/i%C3%A7-mo%C4%9Folistan-teknoloji-%C3%BCniversitesi-csc-bursu.html,https://www.chinesescholarshipcouncil.com/tr/i%C3%A7-mo%C4%9Folistan-teknoloji-%C3%BCniversitesi-csc-bursu.html,tr,2026-10-06T06:07:41+00:00,2026-10-07T06:49:05+00:00,gemma-4-26B-A4B-it-UD-Q4_K_M
328,Stipendienprogramm GEH DEINEN WEG,GEH DEINEN WEG Scholarship Program,Deutschlandstiftung Integration,Germany,,,stipend_only,,,yes,1,unclear,Иргэнэт болон гэр бүлийн шилжилт нүүдэл хийсэн түүхтэй авьяаслаг залуучууд мэргэжлийн карьерын замдаа дэмжлэг авах боломжтой.,Das ideelle Stipendienprogramm begleitet talentierte junge Menschen mit eigener oder familiärer Migrationsbiografie auf ihrem Weg in den Berufseinstieg.,https://www.deutschlandstiftung.net/,https://www.deutschlandstiftung.net/,de,2026-10-06T06:06:58+00:00,2026-10-07T06:48:44+00:00,gemma-4-26B-A4B-it-UD-Q4_K_M
321,Promotionsförderung der Studienstiftung,Studienstiftung Doctoral Scholarship,Studienstiftung des deutschen Volkes,Germany,phd,,stipend_only,,,unclear,1,unclear,"Судалтны төгсөлтийн дүн маш өндөр, шинжлэх ухааны ач холбогдолтой диссертацийн төслийн ажилтай, маш идэвхтэй, шилдэг докторын зэрэг эрдэмтэн бэрхшээлтэй оюутнуудыг хайж байна.",Wir suchen exzellente und besonders motivierte Promovierende mit weit überdurchschnittlichem Studienabschluss und wissenschaftlich anspruchsvollem Dissertationsprojekt.,https://www.studienstiftung.de/infos-fuer-promovierende/promotionsfoerderung-der-studienstiftung,https://www.studienstiftung.de/infos-fuer-promovierende/promotionsfoerderung-der-studienstiftung,de,2026-10-06T06:06:34+00:00,2026-10-07T06:48:21+00:00,gemma-4-26B-A4B-it-UD-Q4_K_M
320,Promotionsstipendium - Rosa-Luxemburg-Stiftung,Rosa-Luxemburg-Stiftung Doctoral Scholarship,Rosa-Luxemburg-Stiftung,Germany,phd,,stipend_only,,,yes,1,unclear,"Германы болон гадаадын оюутан, судлаач нар (ялангуяа DAC/ODA орнуудаас) Германы улсад докторын зэрэг хамгаалахаар элсэн орсон байх шаардлагатай. Мөн нийгмийн идэвхтэй оролцоотой, герман хэлний B2 түвшинтэй байх ёстой.","Vorrang haben Bewerber*innen aus DAC-Ländern, die sich zum Zeitpunkt der Bewerbung noch im Herkunftsland aufhalten.",https://www.rosalux.de/stiftung/studienwerk/stipendien/promotionsstipendium,https://www.rosalux.de/stiftung/studienwerk/stipendien/promotionsstipendium,de,2026-10-06T06:06:28+00:00,2026-10-07T06:48:17+00:00,gemma-4-26B-A4B-it-UD-Q4_K_M
319,TANDEM & WELCOME – Stipendium für Studierende,TANDEM & WELCOME Scholarship,Wilo-Foundation,Germany,,,stipend_only,,,unclear,1,unclear,"Энэхүү тэтгэлэг нь эрдмийн боловсрол эзэмшээгүй гэр бүлийн оюутнууд буюу ""First Generation Students""-д зориулагдсан.","Es richtet sich an „First Generation Students“, also an Studierende aus Nichtakademikerfamilien.",https://www.wilo-foundation.de/foerderengagement/alle-projekte/projekt/tandem-welcome-stipendium-fuer-studierende,https://www.wilo-foundation.de/foerderengagement/alle-projekte/projekt/tandem-welcome-stipendium-fuer-studierende,en,2026-10-06T06:06:25+00:00,2026-10-07T06:48:11+00:00,gemma-4-26B-A4B-it-UD-Q4_K_M
318,Vergabe von Deutschlandstipendien,Deutschlandstipendium,Wilo-Foundation,Germany,,Engineering;Architecture;Spatial Planning,stipend_only,,,unclear,0,unclear,"Инженерчлэл, архитектур, орон зайгийн төлөвлөлтийн чиглэлээр суралцаж буй, идэвхтэй, чадварлаг оюутнуудыг дэмжин туслах зорилготой.","Gefördert werden engagierte und qualifizierte Studierende vornehmlich aus den ingenieurwissenschaftlichen Studiengängen, aber auch aus anderen Bereichen wie Architektur oder Raumplanung, schon zu Beginn ihres Studiums bei der Entfaltung ihres Potenzials.",https://www.wilo-foundation.de/foerderengagement/alle-projekte/projekt/vergabe-von-deutschlandstipendien,https://www.wilo-foundation.de/foerderengagement/alle-projekte/projekt/vergabe-von-deutschlandstipendien,en,2026-10-06T06:06:11+00:00,2026-10-07T06:48:11+00:00,gemma-4-26B-A4B-it-UD-Q4_K_M
315,Deutsch Amerikanische Fulbright Kommission: Programm | Deutsch-Amerikanische Fulbright-Kommission,Fulbright Study Scholarship (University and HAW),Fulbright Germany,United States,master,,stipend_only,,Die Ausschreibung für Aufenthalte ab 2028 wird im Frühjahr 2027 veröffentlicht.,no,1,unclear,Герман улсын иргэн байх шаардлагатай. Бакалаврын зэрэгтэй эсвэл дор хаяж 6 семестр сурсан байх ёстой. Сурлагын амжилт өндөр (ангийн эрэмбэний дээд 20%-д багтсан) болон англи хэлний сайн мэдлэгтэй байх шаардлагатай. Өмнө нь АНУ-д удаан хугацаагаар суралцаж байгаагүй байх ёстой.,Deutsche Staatsangehörigkeit,https://fulbright.de/stipendien/programm/studienstipendium-uni-und-haw,https://fulbright.de/stipendien/programm/studienstipendium-uni-und-haw,de,2026-10-06T06:05:59+00:00,2026-10-07T06:47:59+00:00,gemma-4-26B-A4B-it-UD-Q4_K_M
313,Stipendien Auslandsstudium,,World of Students,,bachelor;master;exchange,,stipend_only,,,yes,1,unclear,"The page lists several scholarship opportunities for international students, including specific ones for Westcliff University, City University of Seattle, and partner universities of World of Students. Eligibility varies by scholarship, often requiring specific GPAs, enrollment status, or academic potential.","Bewerben können sich internationale Studierende über World of Students, die sich aktuell im Bewerbungsverfahren befinden oder bereits an der City University of Seattle eingeschrieben sind.",https://worldofstudents.org/stipendien/,https://worldofstudents.org/stipendien/,de,2026-10-06T06:05:52+00:00,2026-10-06T06:05:52+00:00,gemma-4-26B-A4B-it-UD-Q4_K_M
309,Studienstipendium - Rosa-Luxemburg-Stiftung,Rosa-Luxemburg-Stiftung Scholarship,Rosa-Luxemburg-Stiftung,Germany,bachelor;master,,stipend_only,,,yes,1,unclear,"Олон улсын оюутнуудад зориулсан энэхүү тэтгэлэгт зөвхөн герман улс руу суралцахаар ирж буй гадаад иргэд хамрагдах боломжтой. Тухайлбал, DAC (хөгжиж авч буй орнууд) бүлгийн орнуудаас ирж буй горилогчид нэн тэргүүнд тооцогдох бөгөөд тэднийг мэдүүлэг гаргах үед эх орондоо байгаа байх шаардлагатай. Мөн герман улсад суралцах зорилгоор ирж буй, герман хэлний B2 түвшинтэй, нийгэм, улс төрийн идэвхтэй оролцоотой оюутнууд мэдүүлэг гаргах боломжтой.","Vorrang haben Bewerber*innen aus DAC-Ländern, die sich zum Zeitpunkt der Bewerbung noch im Herkunftsland aufhalten.",https://www.rosalux.de/stiftung/studienwerk/stipendien/studienstipendium,https://www.rosalux.de/stiftung/studienwerk/stipendien/studienstipendium,de,2026-10-06T06:05:34+00:00,2026-10-07T06:47:44+00:00,gemma-4-26B-A4B-it-UD-Q4_K_M
308,Stipendien für ein Masterstudium im Ausland • DAAD,DAAD Master's Degree Scholarships,DAAD,Germany,master,,full,,Der Zugang zum Portal ist im Zeitraum Juni bis zum angegebenen Bewerbungsschluss geöffnet.,yes,1,unclear,"Гада外的 сургууль дээр магистрын зэрэг хамгаалахаар хүсэж буй, герман улсын иргэн бус оюутнууд энэхүү тэтгэлэгт хамрагдах боломжтой. Өмнөх сургуулийн диплом нь 5-аас илүүгүй жил болсон байх шаардлагатай.","Eine Bewerbung ist auch möglich, wenn Sie nicht die deutsche Staatsangehörigkeit haben.",https://www2.daad.de/ausland/studieren/stipendium/de/70-stipendien-finden-und-bewerben/?detail=57503584,https://www2.daad.de/ausland/studieren/stipendium/de/70-stipendien-finden-und-bewerben/?detail=57503584,de,2026-10-06T06:05:26+00:00,2026-10-07T06:47:37+00:00,gemma-4-26B-A4B-it-UD-Q4_K_M
285,苏州大学外国留学生奖学金,Soochow University International Student Scholarship,Soochow University,China,master;phd,,full,,,unclear,0,unclear,"Гадаад оюутан, Хятад улсын иргэн бус байх шаардлагатай. Магистр болон докторын хөтөлбөрт суралцах эрхтэй, холбогдох тэнхимийн академик шаардлагыг хангасан байх ёстой. Хятад хэл дээр суралцагчид HSK 5-аас доошгүй түвшин, англи хэл дээр суралцагчид англи хэлний шаардлага хангасан байх шаардлагатай.",非中国籍公民，身心健康；,http://iaa.suda.edu.cn,http://apply.international.suda.edu.cn/27957/list.htm,zh,2026-10-06T06:04:10+00:00,2026-10-07T06:46:10+00:00,gemma-4-26B-A4B-it-UD-Q4_K_M
284,香港未來人才深造獎學金計劃,Hong Kong Future Talent Postgraduate Scholarship Scheme,University Grants Committee (UGC),Hong Kong,postdoc,"STEM;Digital Transformation and Innovation;International Trade and Finance;Law, Dispute Resolution and Intellectual Property Trade;Cultural Exchange and Humanities;Creative Industries;Healthy Living and Community Care;Sustainable Urban and Regional Development",tuition_only,,,no,1,unclear,Зөвхөн зохих хөтөлбөрт суралцаж буй орон нутгийн (Hong Kong local) оюутнууд энэхүү тэтгэлэгт хамрагдах эрхтэй.,獎學金只供就讀合資格課程名單的本地學生申請,https://www.ugc.edu.hk/big5/ugc/activity/ftss.html,https://www.ugc.edu.hk/big5/ugc/activity/ftss.html,zh,2026-10-06T06:04:06+00:00,2026-10-07T06:46:07+00:00,gemma-4-26B-A4B-it-UD-Q4_K_M
279,장학금 Scholarships,Ewha Womans University Scholarships,Ewha Womans University,South Korea,bachelor;master;phd;research,,full,,,yes,1,unclear,"외국인 특별전형으로 지원하는 개발도상국 출신 학생, 입학 성적 우수자, TOPIK 성적 보유자, 특정 지역(중남미, 아프리카) 출신 학생 및 이화여자대학교 졸업생 등이 대상입니다.",EGPP (Ewha Global Partnership Program) | | 외국인특별전형으로 학부 또는 일반대학원에 지원 하는 자 중 여성 지도자로서의 성장 가능성이 인 정된 개발도상국 출신 외국인 학생,https://isa.ewha.ac.kr/oisa/1083/subview.do,https://isa.ewha.ac.kr/oisa/1083/subview.do,ko,2026-10-06T06:03:53+00:00,2026-10-07T06:45:47+00:00,gemma-4-26B-A4B-it-UD-Q4_K_M
274,Поступление в МГИМО для иностранцев 2026: четыре пути,MGIMO University Admission for International Students,MGIMO University,Russia,bachelor;master;postdoc;research;short_course,"International Relations;International Law;World Economy;International Journalism;Sociology of Digital Communications;International Management;Politics and International Relations;Government, International Politics and Law",full,,"Регистрация на учебный год обычно открывается 15 сентября предшествующего года; представительства Россотрудничества в каждой стране закрывают приём по своему графику (зима — Африка и Латинская Америка, весна — СНГ).",yes,1,all,"Монгол улсын иргэд МГИМО-д элсэх боломжтой. Тэд олон улсын сургуулийн олимпиадад хамрагдаж эрх эзэмших эсвэл засгийн газрын квот авах замаар үнэгүй суралцах, эсвэл гэрээний үндсэн дээр төлбөртэй суралцах боломжтой.","К участию допускаются школьники выпускных классов из 14 стран и регионов: восемь стран СНГ (Азербайджан, Армения, Беларусь, Казахстан, Киргизия, Таджикистан, Туркменистан, Узбекистан), Сербия, Монголия, Индия, Иран, Африка и Латинская Америка.",https://abiturient.mgimo.ru,https://dvi.exambooster.ru/mgimo/dlya-inostrantsev/,ru,2026-10-06T06:03:34+00:00,2026-10-07T06:45:19+00:00,gemma-4-26B-A4B-it-UD-Q4_K_M
273,Далянь Гадаад Хэлний Их Сургуулийн CSC 2026 оны тэтгэлэг,Chinese Government Scholarship,China Scholarship Council,China,bachelor;master;phd,language;literature;international business;tourism management,full,,,yes,1,unclear,"Хятад бус иргэд, CSC удирдамжид заасан боловсролын түвшин болон насны шаардлага хангасан, эрүүл мэнд сайн, суралцах чадвартай оюутнууд хамрагдах боломжтой.",Хятад бус иргэдийн эрүүл мэнд сайн байна.,https://www.chinesescholarshipcouncil.com/mn/%D0%94%D0%B0%D0%BB%D0%B8%D0%B0%D0%BD%D1%8B-%D0%B3%D0%B0%D0%B4%D0%B0%D0%B0%D0%B4-%D1%85%D1%8D%D0%BB%D0%BD%D0%B8%D0%B9-%D0%B8%D1%85-%D1%81%D1%83%D1%80%D0%B3%D1%83%D1%83%D0%BB%D0%B8%D0%B9%D0%BD-csc-%D1%82%D1%8D%D1%82%D0%B3%D1%8D%D0%BB%D1%8D%D0%B3.html,https://www.chinesescholarshipcouncil.com/mn/%D0%94%D0%B0%D0%BB%D0%B8%D0%B0%D0%BD%D1%8B-%D0%B3%D0%B0%D0%B4%D0%B0%D0%B0%D0%B4-%D1%85%D1%8D%D0%BB%D0%BD%D0%B8%D0%B9-%D0%B8%D1%85-%D1%81%D1%83%D1%80%D0%B3%D1%83%D1%83%D0%BB%D0%B8%D0%B9%D0%BD-csc-%D1%82%D1%8D%D1%82%D0%B3%D1%8D%D0%BB%D1%8D%D0%B3.html,mn,2026-10-06T06:03:12+00:00,2026-10-07T06:45:12+00:00,gemma-4-26B-A4B-it-UD-Q4_K_M
269,"ДЭЭД БОЛОВСРОЛЫН СУРГАЛТЫН БАЙГУУЛЛАГЫН СУРАЛЦАГЧИД ТЭТГЭЛЭГ, ЗЭЭЛ, БУЦАЛТГҮЙ ТУСЛАМЖ ОЛГОХ, ДЭМЖЛЭГ ҮЗҮҮЛЭХ, ЗЭЭЛ ЭРГЭН ТӨЛҮҮЛЭХ ЖУРАМ",Government of Mongolia Higher Education Scholarship and Loan Program,Government of Mongolia,Mongolia,postdoc;master;bachelor;research;short_course,,full,,Selection for domestic institutions occurs in Q1 and Q3; selection for foreign institutions occurs in Q2.,yes,1,list,"Дотоод болон гадаад улсын дээд боловсролын байгууллагад тэргүүлэх эсвэл эрэлттэй мэргэжлийн чиглэлээр магистр, докторын (гадаад) эсвэл бакалавр, магистр, докторын (дотоод) хөтөлбөрт анхлан суралцагч Монгол Улсын иргэн байх шаардлагатай.",2.1.1.Монгол Улсын иргэн байх;,https://legalinfo.mn/mn/detail?lawId=17431393805212&showType=1,https://legalinfo.mn/mn/detail?lawId=17431393805212&showType=1,mn,2026-10-06T06:02:59+00:00,2026-10-07T06:44:55+00:00,gemma-4-26B-A4B-it-UD-Q4_K_M
270,2025 онд хамрагдах боломжтой ТЭТГЭЛЭГТ хөтөлбөрүүд,2025 Scholarship Opportunities,Various,Multiple,bachelor;master;phd;postdoc,,full,,,yes,1,all,"Монгол улсын иргэд БНСУ, БНХАУ, ОХУ, Унгар, Япон, Чех улсын тэтгэлэгт хөтөлбөрүүдэд хамрагдах боломжтой. Шаардлага нь сургуулийн төрөл, мэргэжил, хэлний түвшин (солонгос, хятад, англи, япон хэл) болон насны хязгаарлалтаас хамаарна.",2025 онд БНСУ-ын Засгийн газрын тэтгэлгээр Монгол улсаас баклаврын зэрэгт суралцах оюутан ЭСЯ-аар дамжуулан сонгон шалгаруулах хөтөлбөр зарлагдаж байгаа тул сонирхсон хүмүүс өргөнөөр оролцоно уу.,https://www.24tsag.mn/a/234957,https://www.24tsag.mn/a/234957,mn,2026-10-06T06:02:59+00:00,2026-10-07T06:44:57+00:00,gemma-4-26B-A4B-it-UD-Q4_K_M
263,[Scholarship Opportunity]: Summer Japan Culture Camp 2026,Summer Japan Culture Camp 2026,AYFN,Japan,,,partial,,,yes,1,all,"Олон улсын иргэд бүгд өргөдөл гаргах боломжтой. Хөтөлбөрт оролцох хүмүүс олон улсын нөхөрлөлд дуртай, шинэ орчинд (соёлын ялгаа) амархан дасан зохицож чаддаг байх шаардлагатай.",All nationalities can apply,https://ayfnhq.org/event/scholarship-opportunity-summer-japan-culture-camp-2026/,https://ayfnhq.org/event/scholarship-opportunity-summer-japan-culture-camp-2026/,en,2026-10-06T06:02:26+00:00,2026-10-07T06:44:27+00:00,gemma-4-26B-A4B-it-UD-Q4_K_M
256,Future Leaders Exchange (FLEX) program,Future Leaders Exchange (FLEX) Program,U.S. Department of State's Bureau of Educational and Cultural Affairs (ECA),United States,research;postdoc;phd;master;bachelor;exchange,,full,,,yes,1,unclear,"Бүрэн тэтгэлэгтэй FLEX хөтөлбөр нь дунд сургуулийн сурагчдад зориулагдсан бөгөөд тэд АНУ-ын ахлах сургуульд нэг ээлжийн хичээлийн жил суралцаж, Америк гэр бүлийн хамт амьдрах боломжтой.","AC Mongolia's main source of activity is the Future Leaders Exchange (FLEX) program, which provides merit-based scholarships for secondary school students to attend high school for one academic year in the United States and live with an American host family.",https://www.americancouncils.org/locations/offices/mongolia,https://www.americancouncils.org/locations/offices/mongolia,en,2026-10-06T06:02:00+00:00,2026-10-07T06:44:01+00:00,gemma-4-26B-A4B-it-UD-Q4_K_M
254,Mongolian Government Scholarships for International Students,Mongolian Government Scholarship,Ministry of Education and Science of Mongolia,Mongolia,bachelor;master;phd,,full,,Varies - confirm on official site,yes,1,list,"Олон улсын оюутнуудад зориулсан энэхүү тэтгэлэг нь Монгол Улсын боловсрол, шинжлэх ухааны яамнаас удирдлагатай бөгөөд түнш орнуудаас ирж буй оюутнуудад бакалавр, магистр, докторын түвшинд суралцах боломжийг олгодог.","The Mongolian Government offers scholarships for international students to pursue higher education at Mongolian universities, managed by the Ministry of Education and Science.",https://titansabroad.org/scholarships/mongolia-government-scholarship,https://titansabroad.org/scholarships/mongolia-government-scholarship,en,2026-10-06T06:01:50+00:00,2026-10-07T06:43:55+00:00,gemma-4-26B-A4B-it-UD-Q4_K_M
245,清华大学2026年招收国际研究生简章,Tsinghua University 2026 International Graduate Admissions Guide,Tsinghua University,China,master;phd,,full,,申请时间一般为9月至次年2月，各院系的报名截止时间及报名批次有所不同。,yes,1,unclear,"Өргөдөл гаргагч нь Хятад улсын иргэн бус, гадаад улсын энгийн гадаад паспорттай иргэн байх ёстой. Магистр болон докторын хөтөлбөрт хамрагдах горимд таарах холбогдох зэрэг эрдмийн зэрэгтэй байх шаардлагатай.",申请者须为持外国因私普通护照的非中国籍公民。,https://yzbm.tsinghua.edu.cn/intlLogin,https://yz.tsinghua.edu.cn/info/1015/3056.htm,zh,2026-10-06T05:13:11+00:00,2026-10-07T06:43:26+00:00,gemma-4-26B-A4B-it-UD-Q4_K_M
240,欧亚国家留学生奖学金项目招生简章,,Ministry of Education and Heilongjiang Province,China,master;phd,,full,,2025-12-23,yes,1,list,"The scholarship is open to international students from 13 Eurasian countries, specifically Russia, Belarus, Ukraine, Georgia, Armenia, Kyrgyzstan, Uzbekistan, Tajikistan, Kazakhstan, Turkmenistan, Moldova, Azerbaijan, and Mongolia.",该项目计划面向欧亚国家，即俄罗斯、白俄罗斯、乌克兰、格鲁吉亚、亚美尼亚、吉尔吉斯斯坦、乌兹别克斯坦、塔吉克斯坦、哈萨克斯坦、土库曼斯坦、摩尔多瓦、阿塞拜疆、蒙古13个...,https://studyheu.hrbeu.edu.cn/,https://studyheu.hrbeu.edu.cn/,en,2026-10-06T05:12:54+00:00,2026-10-06T05:12:54+00:00,gemma-4-26B-A4B-it-UD-Q4_K_M
236,内蒙古大学2026-2027学年中国政府奖学金“高水平研究生”项目招生简章,"Chinese Government Scholarship ""High-Level Postgraduate"" Program",Inner Mongolia University,China,postdoc;master;phd,,full,,2025.12.05,yes,1,list,"БНХАУ-ын Засгийн газрын тэтгэлэгт хөтөлбөр нь дээд шатны суралцагчдыг (магистр, докторт) зориулсан бөгөөд түүний хүрээнд судалгаа хийх боломж олгоно.",中文 English Монгол Русский язык 菜单 首页 留学内大,https://iec.imu.edu.cn/content.jsp?urltype=news.NewsContentUrl&wbtreeid=1002&wbnewsid=1846,https://iec.imu.edu.cn/content.jsp?urltype=news.NewsContentUrl&wbtreeid=1002&wbnewsid=1846,zh,2026-10-06T05:12:42+00:00,2026-10-07T06:42:59+00:00,gemma-4-26B-A4B-it-UD-Q4_K_M
233,책임운영기관 교육부 국립국제교육원,Global Korea Scholarship,National Institute for International Education (NIIED),South Korea,bachelor;master;phd;research,,full,,,yes,1,unclear,"Өмчлөх улсын иргэн байх ёстой (БНСУ-ын иргэн байж болохгүй). Магистр болон докторын түвшинд 40 хүртэлх насны (ODA хүлээн авагч орны профессор бол 45 хүртэлх насны), бакалаврын түвшинд 25 хүртэлх насны байх шаардлагатай. Өмнөх шатны сурлага нь 80-аас дээш онолтой байх ёстой.",1. 초청대상국 국적을 소지한 자 (대한민국 국적 소지자 지원 불가),http://www.studyinkorea.go.kr,https://www.niied.go.kr/web/niied/contents/niied_prog_gks_sel,ko,2026-10-06T05:12:25+00:00,2026-10-07T06:42:43+00:00,gemma-4-26B-A4B-it-UD-Q4_K_M
228,2026 Application Guidelines of Global Korea Scholarship for Undergraduate Degrees(GKS-U) / 2026학년도 정부초청외국인 학부 장학생 모집 요강,Global Korea Scholarship for Undergraduate Degrees,GKS Center,South Korea,bachelor,,full,,,yes,1,unclear,Олон улсын оюутнуудад зориулсан бакалаврын түвшний тэтгэлэг.,Discover the latest updates and information on scholarships available for international students.,https://www.studyinkorea.go.kr/ko/notice/scholarshipsRead.do?nttId=4385&bbsId=BBSMSTR_000000000461&boardSort=3,https://www.studyinkorea.go.kr/ko/notice/scholarshipsRead.do?nttId=4385&bbsId=BBSMSTR_000000000461&boardSort=3,ko,2026-10-06T05:12:11+00:00,2026-10-07T06:42:28+00:00,gemma-4-26B-A4B-it-UD-Q4_K_M
223,2027 Global Korea Scholarship for Undergraduate Degrees / 2027년 정부초청 외국인 학부 장학생 모집 요강,Global Korea Scholarship,Korean Government,South Korea,bachelor,,full,,Please refer to the attached Application Guidelines.,yes,1,unclear,Олон улсын оюутнуудад зориулсан бакалаврын түвшний тэтгэлэг.,Explore scholarship programs offered by the Korean government for international students.,https://www.studyinkorea.go.kr/en/plan/gksNoticeRead.do?bbsId=BBSMSTR_000000000461&nttId=4522,https://www.studyinkorea.go.kr/en/plan/gksNoticeRead.do?bbsId=BBSMSTR_000000000461&nttId=4522,ko,2026-10-06T05:11:55+00:00,2026-10-07T06:42:11+00:00,gemma-4-26B-A4B-it-UD-Q4_K_M
219,2027 Global Korea Scholarship for Undergraduate Degrees / 2027년 정부초청 외국인 학부 장학생 모집 요강,Global Korea Scholarship,Korean Government,South Korea,bachelor,,full,,,yes,1,unclear,Олон улсын оюутан нарт зориулсан бакалаврын түвшний тэтгэлэг.,Explore scholarship programs offered by the Korean government for international students.,https://www.studyinkorea.go.kr/ko/plan/gksNoticeRead.do?bbsId=BBSMSTR_000000000461&nttId=4522,https://www.studyinkorea.go.kr/ko/plan/gksNoticeRead.do?bbsId=BBSMSTR_000000000461&nttId=4522,ko,2026-10-06T05:11:45+00:00,2026-10-07T06:42:01+00:00,gemma-4-26B-A4B-it-UD-Q4_K_M
216,정부초청장학생(GKS) 2026 선발 구조 — 한국어·지역·산학협력 | 수앤캐롯츠,Global Korea Scholarship,Ministry of Education / National Institute for International Education (NIIED),South Korea,language;bachelor;master;phd;research,Smart Security;Artificial Intelligence;Mechanical Engineering;Software;Electrical and Electronic Engineering;Food and Nutrition;Biomedical Engineering;Big Data Science,full,,,yes,1,unclear,"Бүх үндэстэн, тэр дундаа хөгжиж буй орнуудын иргэд (161 орны иргэд) горилогч болох боломжтой. Тус хөтөлбөр нь олон улсын оюутнуудад зориулагдсан.",산학협력 과정만 초청국 제한 없이 모든 국가에 열어 둔 것도 같은 맥락이죠.,https://www.sooandcarrots.com/insights/gks-government-scholarship/,https://www.sooandcarrots.com/insights/gks-government-scholarship/,ko,2026-10-06T05:11:34+00:00,2026-10-07T06:41:53+00:00,gemma-4-26B-A4B-it-UD-Q4_K_M
213,2026 Application Guidelines of Global Korea Scholarship for Undergraduate Degrees(GKS-U) / 2026학년도 정부초청외국인 학부 장학생 모집 요강,Global Korea Scholarship for Undergraduate Degrees,GKS Center,South Korea,bachelor,,full,,Please refer to the attached Application Guidelines.,yes,1,unclear,Олон улсын оюутнуудад зориулсан бакалаврын түвшний тэтгэлэг.,Discover the latest updates and information on scholarships available for international students.,https://www.studyinkorea.go.kr/ko/notice/scholarshipsRead.do?nttId=4385&bbsId=BBSMSTR_000000000461,https://www.studyinkorea.go.kr/ko/notice/scholarshipsRead.do?nttId=4385&bbsId=BBSMSTR_000000000461,ko,2026-10-06T05:11:26+00:00,2026-10-07T06:41:42+00:00,gemma-4-26B-A4B-it-UD-Q4_K_M
214,Notice Read | Scholarships | Plan your studies | Study in Korea | Run by Korean Government,Global Korea Scholarship,NIIED,South Korea,,,full,,,yes,1,unclear,Олон улсын оюутнуудад зориулсан Солонгосын засгийн газрын тэтгэлэгт хөтөлбөр.,Explore scholarship programs offered by the Korean government for international students.,https://www.studyinkorea.go.kr/ko/plan/gksNoticeRead.do?bbsId=BBSMSTR_000000000461&nttId=4422,https://www.studyinkorea.go.kr/ko/plan/gksNoticeRead.do?bbsId=BBSMSTR_000000000461&nttId=4422,en,2026-10-06T05:11:26+00:00,2026-10-07T06:41:42+00:00,gemma-4-26B-A4B-it-UD-Q4_K_M
212,[외부] 2027-2028 독일정부초청장학생(DAAD 장학생) 선발 안내 | 가톨릭대학교 일반대학원,DAAD Scholarship,DAAD,Germany,bachelor;master;phd,Architecture;Performing Arts;Fine Arts;Design;Visual Communication;Film;Music,full,,,unclear,0,unclear,"Баклавр, магистр болон докторын түвшинд суралцагчид зориулсан тэтгэлэг бөгөөд мэргэжил бүр тус тусдаа шаардлагатай.",,http://www.daad-korea.org,https://gs.catholic.ac.kr/gs/graduate/notice.do?mode=view&articleNo=273805&article.offset=980&articleLimit=10,ko,2026-10-06T05:11:20+00:00,2026-10-07T06:41:38+00:00,gemma-4-26B-A4B-it-UD-Q4_K_M
209,[모집예정] 외국인유학생 2027-1학기 신입생 모집요강,Jeonju University Graduate School International Student Admission 2027-1,Jeonju University,South Korea,master;phd,,unknown,,,yes,1,unclear,БНБ-ийн оюутны (гадаад иргэн) 2027 оны 1-р улирлын шинэ элсэлтийн удирдамж.,외국인유학생 2027-1학기 신입생 모집요강,https://www.jj.ac.kr/graduate/apply/guidelinesf.do?mode=view&articleNo=533424&title=%5B%EB%AA%A8%EC%A7%91%EC%98%88%EC%A0%95%5D+%EC%99%B8%EA%B5%AD%EC%9D%B8%EC%9C%A0%ED%95%99%EC%83%9D+2027-1%ED%95%99%EA%B8%B0+%EC%8B%A0%EC%9E%85%EC%83%9D+%EB%AA%A8%EC%A7%91%EC%9A%94%EA%B0%95,https://www.jj.ac.kr/graduate/apply/guidelinesf.do?mode=view&articleNo=533424&title=%5B%EB%AA%A8%EC%A7%91%EC%98%88%EC%A0%95%5D+%EC%99%B8%EA%B5%AD%EC%9D%B8%EC%9C%A0%ED%95%99%EC%83%9D+2027-1%ED%95%99%EA%B8%B0+%EC%8B%A0%EC%9E%85%EC%83%9D+%EB%AA%A8%EC%A7%91%EC%9A%94%EA%B0%95,ko,2026-10-06T05:11:11+00:00,2026-10-07T06:41:29+00:00,gemma-4-26B-A4B-it-UD-Q4_K_M
207,GKS (Global Korea Scholarship) Program,Global Korea Scholarship,Korean Government,South Korea,research;master;bachelor;short_course;other,humanities;social studies;natural sciences;arts;physical education;science and engineering,full,,NIIED September (Undergraduate) / February (Graduate),yes,1,unclear,"Өргөдөл гаргагч болон тэдний эцэг эх нар БНСУ-ын бус иргэн байх ёстой. Бакалаврын хөтөлбөрт 25 хүртэлх насны, магистрын хөтөлбөрт 40 хүртэлх насны оюутан тавигдана. Мөн академик гүйцэтгэл (80% буюу түүнээс дээш) шаардлагатай.",Nationality: Applicants and both of their parents must hold non-Korean citizenship,https://www.studyinkorea.go.kr/in/plan/scholarship.do,https://www.studyinkorea.go.kr/in/plan/scholarship.do,en,2026-10-06T05:10:56+00:00,2026-10-07T06:41:20+00:00,gemma-4-26B-A4B-it-UD-Q4_K_M
204,"㈜미성이앤씨, NGO 온해피와 업무협약",Misung E&C and NGO OnHappy Scholarship for Mongolian Students,Misung E&C and NGO OnHappy,South Korea,,,full,,,yes,1,unclear,Монгол улсын оюутан нарт зориулсан тэтгэлэг,특히 협약 체결 후 첫 번째 협력사업으로 몽골 유학생 장학지원 사업을 추진한다.,https://www.incheonin.com/news/articleView.html?idxno=121214,https://www.incheonin.com/news/articleView.html?idxno=121214,ko,2026-10-06T05:10:43+00:00,2026-10-07T06:41:08+00:00,gemma-4-26B-A4B-it-UD-Q4_K_M
202,"㈜미성이앤씨·온해피, ESG·SDGs 손잡았다…몽골 유학생 장학금 1천만 원 지원",Misung E&C and OnHappy NGO Mongolian Student Scholarship,Misung E&C and OnHappy NGO,South Korea,,,full,,,yes,1,unclear,БНСУ-д суралцаж буй Монгол улсын оюутан.,㈜미성이앤씨는 국내에 체류 중인 몽골 유학생들의 안정적인 정주와 학업 성취를 돕기 위해 총 1000만 원의 장학금을 조성한다.,https://m.joongdo.co.kr/view.php?key=20261001010000323,https://m.joongdo.co.kr/view.php?key=20261001010000323,ko,2026-10-06T05:10:27+00:00,2026-10-07T06:40:59+00:00,gemma-4-26B-A4B-it-UD-Q4_K_M
194,2026 年度以降の博士課程学生支援について（通知）,Tohoku University Doctoral Student Support Package,Tohoku University,Japan,exchange;master;bachelor;phd,,full,,2026 年 3 月上旬以降に募集要項等公表,unclear,0,unclear,"Докторын зэрэг дэвшиж буй оюутнууд (D1-D3 эсвэл эм, шүд, эмийн салбарын D1-D4) энэхүү дэмжлэгийг авах боломжтой. Олон улсын оюутнууд (留学生) эрдэм шинжилгээний тэтгэлэг болон сургалтын төлбөрийн чөлөөлөлт авах эрхтэй боловч зарим нэг нэмэлт шаардлага байж болно.","【学位プロ枠】
学位プログラム等※２に所属する博士課程学生
日本人学生等
※１ ２４０万円 ５３.６万円 ２８.２万円
◯
留学生 ２４０万円 ５３.６万円 －",https://www.agri.tohoku.ac.jp/jp/contents/uploads/2026/02/%E5%AD%A6%E7%94%9F%E9%80%9A%E7%9F%A5%E6%96%87%E6%97%A5_2026%E5%B9%B4%E5%BA%A6%E4%BB%A5%E9%99%8D%E3%81%AE%E5%8D%9A%E5%A3%AB%E8%AA%B2%E7%A8%8B%E5%AD%A6%E7%94%9F%E6%94%AF%E6%8F%B4%E3%81%AB%E3%81%A4%E3%81%84%E3%81%A6.pdf,https://www.agri.tohoku.ac.jp/jp/contents/uploads/2026/02/%E5%AD%A6%E7%94%9F%E9%80%9A%E7%9F%A5%E6%96%87%E6%97%A5_2026%E5%B9%B4%E5%BA%A6%E4%BB%A5%E9%99%8D%E3%81%AE%E5%8D%9A%E5%A3%AB%E8%AA%B2%E7%A8%8B%E5%AD%A6%E7%94%9F%E6%94%AF%E6%8F%B4%E3%81%AB%E3%81%A4%E3%81%84%E3%81%A6.pdf,ja,2026-10-06T05:10:03+00:00,2026-10-07T06:40:35+00:00,gemma-4-26B-A4B-it-UD-Q4_K_M
191,2027年度大使館推薦による国費外国人留学生（学部留学生・高等専門学校留学生・専修学校留学生）の募集について：文部科学省,MEXT Scholarship for 2027 (Embassy Recommendation),"Ministry of Education, Culture, Sports, Science and Technology (MEXT)",Japan,bachelor;other,,full,,,yes,1,unclear,Бурс болгон суралцах горилогчид гадаад улсын иргэд байх шаардлагатай (Япон улсын иргэд хамааралгүй).,2027年度大使館推薦による国費外国人留学生（学部留学生・高等専門学校留学生・専修学校留学生）の募集について,https://www.mext.go.jp/a_menu/koutou/ryugaku/boshu/1415354_00011.htm,https://www.mext.go.jp/a_menu/koutou/ryugaku/boshu/1415354_00011.htm,ja,2026-10-06T05:09:57+00:00,2026-10-07T06:40:17+00:00,gemma-4-26B-A4B-it-UD-Q4_K_M
190,2027年度大使館推薦による国費外国人留学生（研究留学生）の募集について：文部科学省,MEXT Scholarship for Research Students,"Ministry of Education, Culture, Sports, Science and Technology (MEXT)",Japan,research,,full,,,unclear,0,unclear,Бурсгалт суралцагчид нь судалгааны оюутан байх шаардлагатай бөгөөд тухайн улсын Элчин сайдын яамнаас санал болгож буй оюутнууд байх ёстой.,,https://www.mext.go.jp/a_menu/koutou/ryugaku/boshu/1415352_00008.htm,https://www.mext.go.jp/a_menu/koutou/ryugaku/boshu/1415352_00008.htm,ja,2026-10-06T05:09:48+00:00,2026-10-07T06:40:11+00:00,gemma-4-26B-A4B-it-UD-Q4_K_M
188,2026年度大使館推薦による国費外国人留学生（学部留学生・高等専門学校留学生・専修学校留学生）の募集について：文部科学省,MEXT Scholarship for Research Students,"Ministry of Education, Culture, Sports, Science and Technology (MEXT)",Japan,bachelor;other,,full,,,yes,1,unclear,"Монгол улсын иргэд болон бусад гадаад оюутнууд (学部留学生, 高等専門学校留学生, 専修学校留学生) энэхүү тэтгэлэгт хамрагдах боломжтой.",2026年度大使館推薦による国費外国人留学生（学部留学生・高等専門学校留学生・専修学校留学生）の募集について,https://www.mext.go.jp/a_menu/koutou/ryugaku/boshu/1415354_00010.htm,https://www.mext.go.jp/a_menu/koutou/ryugaku/boshu/1415354_00010.htm,ja,2026-10-06T05:09:47+00:00,2026-10-07T06:40:06+00:00,gemma-4-26B-A4B-it-UD-Q4_K_M
186,国立大・高専で学べる「国費外国人留学生」募集開始…文科省 | リセマム,Japanese Government (MEXT) Scholarship,"Ministry of Education, Culture, Sports, Science and Technology (MEXT)",Japan,bachelor;postdoc;master;phd;language;other,,full,,,yes,1,unclear,Япон улсын сургуулиуд болон коллежуудад суралцах гадаад оюутнуудад зориулсан тэтгэлэг. Оюутан нь Японы улстай дипломат харилцаатай улсын иргэн байх шаардлагатай бөгөөд сургуулийн боловсролын 12 жилийн хөтөлбөрийг төгсөөд эсвэл төгсөх болсон байх ёстой.,このうち学部留学生は、原則として2002年4月2日以降生まれ、かつ日本と国交のある国の国籍で、学校教育における12年の課程を修了した人（見込みを含む）。,https://resemom.jp/article/2026/04/21/85861.html,https://resemom.jp/article/2026/04/21/85861.html,ja,2026-10-06T05:09:40+00:00,2026-10-07T06:39:58+00:00,gemma-4-26B-A4B-it-UD-Q4_K_M
187,文部科学省外国人留学生制度,MEXT Scholarship,文部科学省,Japan,language;research;postdoc;bachelor;master;phd,,full,,,yes,1,unclear,"Япон улсын боловсролын яамны зорилго нь Япон улс болон өөрийн эх орон хоёрын хооронд гүүр болох, хоёр улс болон дэлхий дахинд хувь нэмэр оруулах чадвартай боловсон хүчнийг бэлтгэх явдал юм. Өргөдөл гаргагч нь Япон улстай дипломат харилцаатай улсын иргэн байх ёстой бөгөөд Япон улсын иргэн байхгүй байх шаардлагатай. Мөн 12 жилийн ерөнхий боловсролын сургалтын хөтөлбөрийг дуусгасан эсвэл түүнтэй дүйцэхүйц боловсролтой байх шаардлагатай.",（１）国籍日本政府と国交のある国の国籍を有すること。申請時に日本国籍を有する者は原則として募集の対象とならない。,https://gaxi.jp/organization/aOKbDgAG5M8ENy3w/project/aYkNm81lNXR9olrv,https://gaxi.jp/organization/aOKbDgAG5M8ENy3w/project/aYkNm81lNXR9olrv,ja,2026-10-06T05:09:40+00:00,2026-10-07T06:40:03+00:00,gemma-4-26B-A4B-it-UD-Q4_K_M
185,2026年度大使館推薦による国費外国人留学生（研究留学生）の募集について：文部科学省,MEXT Scholarship for Research Students,"Ministry of Education, Culture, Sports, Science and Technology (MEXT)",Japan,research,,full,,,yes,1,unclear,Бурмын элчин сайдын яамны санал болгож буй 2026 оны судалгааны оюутны тэтгэлэгт гадаад оюутнууд (Монгол улсын иргэд түүний дотор) хамрагдах боломжтой.,JAPANESE GOVERNMENT （MEXT） SCHOLARSHIP FOR 2026（RESEARCH STUDENTS）,https://www.mext.go.jp/a_menu/koutou/ryugaku/boshu/1415352_00007.htm,https://www.mext.go.jp/a_menu/koutou/ryugaku/boshu/1415352_00007.htm,ja,2026-10-06T05:09:37+00:00,2026-10-07T06:39:55+00:00,gemma-4-26B-A4B-it-UD-Q4_K_M
180,2027年度 海外留学支援制度（大学院学位取得型） 募集関連書類が公開されました,Overseas Study Support Program (Graduate Degree Type),Japan Student Services Organization (JASSO),Japan,master;phd,,full,,9月10日にはオンライン説明会も開催予定,unclear,1,unclear,Гадаадад магистр эсвэл докторын зэрэг хамгаалахаар төлөвлөж буй оюутнуудад зориулсан тэтгэлэг.,2027年度　海外留学支援制度（大学院学位取得型）の募集関連書類が公開になりました。,https://tobitate-mext.jasso.go.jp/news/1001_00438.html,https://tobitate-mext.jasso.go.jp/news/1001_00438.html,ja,2026-10-06T05:09:18+00:00,2026-10-07T06:39:40+00:00,gemma-4-26B-A4B-it-UD-Q4_K_M
178,2026年度 外国人留学生奨学生募集要項,AGC Foundation Scholarship,AGC Foundation,Japan,master;phd,,stipend_only,,,unclear,0,unclear,"Тайланд, Индонез, Хятад, Өмнөд Солонгос, Вьетнам улсын иргэд. Магистр эсвэл докторын хөтөлбөрийн 1 дүгээр курсын оюутан байх шаардлагатай. Япон хэлээр харилцах чадвартай байх ёстой.",(1) タイ王国、インドネシア共和国、中華人民共和国、大韓民国、ベトナム社会主義共和国（対象国）の国籍を有する者,https://www.af-info.or.jp/scholarship/assets/pdf/2026_f_scholarship.pdf,https://www.af-info.or.jp/scholarship/assets/pdf/2026_f_scholarship.pdf,ja,2026-10-06T05:09:15+00:00,2026-10-07T06:39:34+00:00,gemma-4-26B-A4B-it-UD-Q4_K_M
171,2027年度（第12期）【高校生等対象】募集要項,Tobitate! Study Abroad Japan New Japan Representative Program,Japan Student Services Organization (JASSO),Japan,master;bachelor;short_course,,full,,2026 年 10 月,yes,1,list,"Энэхүү хөтөлбөр нь Япон улсын ахлах сургууль, дунд боловсролын сургууль, тусгай боловсролын сургуулийн ахлах анги, техникийн сургуулийн 3 дахь дамжааны болон мэргэжлийн сургуулийн ахлах ангийн япон үндэстэн сурагчдад зориулагдсан.",101 バングラデシュ 109 大韓民国 117 フィリピン 102 ブータン 110 ラオス 191 シンガポール 103 ブルネイ 111 マカオ 119 スリランカ 104 カンボジア 112 マレーシア 120 タイ 105 中国 113 モンゴル 121 ベトナム 106 香港 114 ミャンマー 123 東ティモール 107 インド 115 ネパール 124 モルディブ 中 南,https://tobitate-mext.jasso.go.jp/newprogram/assets/pdf/2027_12th_hs_applicant_guidelines.pdf,https://tobitate-mext.jasso.go.jp/newprogram/assets/pdf/2027_12th_hs_applicant_guidelines.pdf,ja,2026-10-06T05:08:43+00:00,2026-10-07T06:39:13+00:00,gemma-4-26B-A4B-it-UD-Q4_K_M
170,第41期 イノアック国際教育振興財団奨学金 タイプB,INOAC International Education and Scholarship Foundation Scholarship Type B,公益財団法人 イノアック国際教育振興財団,Japan,short_course;other,,stipend_only,,4月入学生 2023年11月末日 10月入学生 2024年5月末日,yes,1,all,"Мэргэжлийн сургуульд 1 ปี буюу түүнээс дээш хугацаа суралцах төлөвлөгөөтэй, сургуулийн суралцагч байх шаардлагатай. Эдийн засгийн хөгжиж буй орнууд болох Инди, Вьетнам, Монгол зэрэг орны оюутнуудыг нэн тэргүүнд авч үзнэ.",4. 次の経済的発展途上国からの留学生を優先する。 インド・インドネシア・タイ・東ティモール・ブータン・ブルネイ・ベトナム・モルディブ・マレーシア・ラオス・カンボジア・バングラデシュ・フィリピン・モンゴル・パキスタン・ネパール・スリランカ・ミャンマー,https://gaxi.jp/organization/EwXBOROobORP2oD1/project/1mn4z6QAOL6wGKY3,https://gaxi.jp/organization/EwXBOROobORP2oD1/project/1mn4z6QAOL6wGKY3,ja,2026-10-06T05:08:42+00:00,2026-10-07T06:39:08+00:00,gemma-4-26B-A4B-it-UD-Q4_K_M
168,「広島大学森戸国際高等教育学院モンゴル国立科学技術大学留学プログラム」,Hiroshima University Morito International Institute - Mongolian University of Science and Technology Study Program,Hiroshima University,Japan,bachelor,STEM;Science;Engineering;Information Science;Mathematics;Chemistry;Physics,full,,,yes,1,list,"Монгол Улсын Шинжлэх Ухаан Технологийн Их Сургуулийн 1-р курсын оюутнууд, Монгол Улсын Ерөнхийлөгчийн ""ILGEELT-2100"" тэтгэлэгт шалгарсан шилдэг оюутнууд.",対象学生は、モンゴル国大統領奨学金プログラム「ILGEELT-2100」の奨学生であり、モンゴル全土から選抜された優秀な学生です。,https://www.hiroshima-u.ac.jp/international/news/98740,https://www.hiroshima-u.ac.jp/international/news/98740,ja,2026-10-06T05:08:24+00:00,2026-10-07T06:39:00+00:00,gemma-4-26B-A4B-it-UD-Q4_K_M
166,モンゴル人留学生支援奨学金,Mongolian Student Support Scholarship,Chuo University,Japan,,,stipend_only,,,yes,1,all,Монгол улсын иргэн болох төлөөлөгчдийг (Монгол оюутан) зориулсан тэтгэлэг.,本学では、モンゴルにゆかりのある卒業生および本学関係者からのご寄附による「モンゴル人留学生支援奨学金」を創設し、2022年度以降、延べ4名のモンゴル人留学生に対する支援を行ってきました。,https://www.chuo-u.ac.jp/international/globalization/news/2026/06/86731/,https://www.chuo-u.ac.jp/international/globalization/news/2026/06/86731/,ja,2026-10-06T05:08:19+00:00,2026-10-07T06:38:50+00:00,gemma-4-26B-A4B-it-UD-Q4_K_M
164,奨学金 - 東京大学・医学系研究科・国際交流室,University of Tokyo Graduate School of Medicine Scholarships,"The University of Tokyo, Graduate School of Medicine",Japan,master;phd;postdoc,Medicine,full,,The page lists multiple scholarship opportunities with different deadlines. It is a listing page for various scholarships provided by the Graduate School of Medicine.,yes,1,list,"Тус зориулалтын дагуушлогчдын хувьд: Төв мэдээлэлд хувийн зардлаар суралцаж буй эсвэл элсэхээр төлөвлөж буй гадаад оюутнууд (медицины чиглэлээр) шалгарна. Зарим тэтгэлэгт Ази-Пацифик орны иргэд, тодорхой Азийн орнуудын иргэд (Монгол улс орсон) зэрэг үндэсний хязгаарлалттай байна.",私費外国人留学生のための奨学金,https://koryu.m.u-tokyo.ac.jp/scholarships/,https://koryu.m.u-tokyo.ac.jp/scholarships/,ja,2026-10-06T05:08:01+00:00,2026-10-07T06:38:46+00:00,gemma-4-26B-A4B-it-UD-Q4_K_M
161,Стипендии в Швеции для иностранных студентов в 2027 году,Scholarships in Sweden,Swedish Institute and various Swedish universities,Sweden,master;bachelor,,full,,в 2026 году портал был открыт 9–25 февраля; даты 2027 года SI публикует на своей странице,no,1,unclear,"SI Scholarship нь 34 орны иргэд (үүний дотор Бангладеш, Индонез, Кени, Малайз, Нигери, Филиппин, Руанда, Өмнөд Африк, Тайланд, Вьетнам гэх мэт) зориулагдсан бол, ихer их сургуулийн тэтгэлгүүд нь ЕХ-ны бус орны бүх иргэд (үүний дотор Орос, Монгол гэх мэт) хүсэх боломжтой.","Государственная стипендия Шведского института (SI Scholarship for Global Professionals) покрывает всю плату за магистратуру, платит $ 1 200 (12 000 крон) в месяц на жизнь и даёт грант на дорогу, но открыта только гражданам 34 стран: Беларусь, Армения, Азербайджан, Грузия, Молдова, Узбекистан и Украина в списке есть, Россия и Казахстан — нет.",https://www.studyu.org/blog-stipendii-v-shvetsii,https://www.studyu.org/blog-stipendii-v-shvetsii,ru,2026-10-06T05:07:55+00:00,2026-10-07T06:38:34+00:00,gemma-4-26B-A4B-it-UD-Q4_K_M
162,2026年度海外留学支援制度（学部学位取得型）,Overseas Study Support Program (Undergraduate Degree Program),Japan Student Services Organization (JASSO),Japan,bachelor,,full,,,yes,1,list,Энэхүү тэтгэлэг нь гадаад улс руу суралцахаар явах япон оюутнуудад зориулагдсан.,"109 大韓民国 F 189,000 110 ラオス H 139,000 111 マカオ B 297,000 112 マレーシア D 239,000 113 モンゴル H 139,000 114 ミャンマー H 139,000 115 ネパール H 139,000 116 パキスタン H 139,000 117 フィリピン H 139,000",https://www.jasso.go.jp/ryugaku/scholarship_a/gakubu/2026.html,https://www.jasso.go.jp/ryugaku/scholarship_a/gakubu/__icsFiles/afieldfile/2026/03/16/2026_startingfy2024_tebiki.pdf,ja,2026-10-06T05:07:55+00:00,2026-10-07T06:38:38+00:00,gemma-4-26B-A4B-it-UD-Q4_K_M
160,Грант на обучение в Китае 2027: CSC и другие стипендии,Chinese Government Scholarship,China Scholarship Council,China,bachelor;master;phd,,full,,2026-05-17,unclear,0,unclear,"СНГ оршин и бусад улсын иргэд, тэр дундаас олон улсын оюутан болон гадаад оюутнууд CSC (Chinese Government Scholarship) болон бусад төр, сургуулийн тэтгэлэгт хамрагдах боломжтой.","Для абитуриента, который поступает на бакалавриат или магистратуру сразу после школы или вуза в СНГ, разумная последовательность такая: в первую первую очередь смотреть CSC Type B напрямую в вузах мечты, параллельно проверять, не даёт ли этот же университет ещё и провинциальную стипендию своего региона, и только потом - более узкие университетские программы.",https://studyinchina.csc.edu.cn,https://global-generations.com/blog/grant-na-obuchenie-v-kitae,ru,2026-10-06T05:07:46+00:00,2026-10-07T06:38:28+00:00,gemma-4-26B-A4B-it-UD-Q4_K_M
158,"Стипендия GKS в Корее 2027: суммы, треки и сроки подачи",Global Korea Scholarship,NIIED,South Korea,bachelor;master;phd;research,,full,,Объявление GKS-G на 2027 год по этому же шаблону стоит ждать в начале февраля 2027 года,yes,1,all,"GKS нь Солонгос улсын засгийн газрын тэтгэлэг бөгөөд гадаад оюутнууд (бакалавр, магистр, докторант) горилогдоно. Өргөдөл гаргагч нь өөрийн болон эцэг эхийн аль нэг нь Солонгосын иргэн биш байх ёстой.","Монголия в СНГ и в бывший СССР не входит, но тоже получила квоту Embassy Track на бакалавриат 2027 года: 2 места General, 2 R-GKS, итого 4.",https://studyinkorea.go.kr,https://global-generations.com/blog/stipendiya-gks-v-koree,ru,2026-10-06T05:07:27+00:00,2026-10-07T06:38:26+00:00,gemma-4-26B-A4B-it-UD-Q4_K_M
155,Стипендии в Австралии 2026–2027 для иностранцев,Australia Scholarships,Various Australian Universities and Government,Australia,research;master;phd;bachelor,,partial,,,yes,1,unclear,"Австралийн сургууль, их дээд сургуулиудын стипендийн боломжууд нь иргэншилтээс хамаарч өөр өөр байна. Research Training Program (RTP) нь гадаад оюутнуудад зориулагдсан бөгөөд судалгааны магистр, PhD түвшинд олгогддог. Australia Awards нь Монгол улсын иргэд хүлээн авах боломжтой боловч Орос болон Төв Азийн орнуудад зориулагдаагүй. Их дээд сургуулиудын зарим хөнгөлөлтүүд нь бүх үндэстний оюутнуудад нээлттэй байдаг.","В списке участников 2027 года — государства Южной и Юго-Восточной Азии и Тихого океана, Монголия, Пакистан и другие; России, Казахстана, Узбекистана и других стран Центральной Азии там нет.",https://www.studyu.org/blog-stipendii-v-avstralii,https://www.studyu.org/blog-stipendii-v-avstralii,ru,2026-10-06T05:06:53+00:00,2026-10-07T06:38:11+00:00,gemma-4-26B-A4B-it-UD-Q4_K_M
154,DAAD + 20 прочих стипендий в Германии 💸 2026/27,DAAD Scholarship,DAAD (German Academic Exchange Service),Germany,bachelor;master;postdoc;phd,,full,,,yes,1,unclear,"Олон төрлийн стипендийн боломжуудтай бөгөөд DAAD нь гадаад оюутнуудад зориулсан үндсэн эх үүсвэр юм. Зарим сангууд нь зөвхөн Европын Холбооны улсын иргэд эсвэл оршин суугчдад зориулагдсан байдаг бол зарим нь бүх үндэстний оюутнуудад нээлттэй. KAAD сан нь Ази, Африка, Латин Америк зэрэг бүс нутгийн оюутнуудыг дэмждэг.","Германская служба академических обменов (DAAD) является крупнейшей немецкой организацией, финансирующей международное академическое сотрудничество, и, следовательно, является крупнейшим источником стипендий для иностранных студентов, желающих учиться в Германии.",https://www.mygermanuniversity.com/ru/articles/scholarships-in-germany,https://www.mygermanuniversity.com/ru/articles/scholarships-in-germany,ru,2026-10-06T05:06:51+00:00,2026-10-07T06:38:05+00:00,gemma-4-26B-A4B-it-UD-Q4_K_M
142,2026-2027 оны хичээлийн жилийн БНХАУ-ын Өвөр Монголын Өөртөө Засах Орны (ӨМӨЗО) Засгийн газрын тэтгэлэгт оюутан элсүүлэх тухай мэдэгдэл,Inner Mongolia Government Scholarship,Inner Mongolia Autonomous Region Government,China,bachelor;master;phd,,full,,,yes,1,list,"Монгол Улсын иргэд бакалавр, магистр, докторын түвшинд тэтгэлэгт хамрагдах боломжтой.","2026-2027 оны хичээлийн жилд БНХАУ-ын ӨМӨЗО-ны Засгийн газраас Монгол Улсын Засгийн газарт нийт 260 хүнд тэтгэлэг олгохоос бакалавр 200, магистр 40, доктор 20 байна.",https://isms.imu.edu.cn,https://mn.china-embassy.gov.cn/mn/zytz/202605/t20260508_11906682.htm,mn,2026-10-06T05:05:35+00:00,2026-10-07T06:37:20+00:00,gemma-4-26B-A4B-it-UD-Q4_K_M
131,"2026 оны GKS-G (Магистр, Докторантур) 2,000 оюутан шалгаруулах хөтөч: Бүрэн тэтгэлэг болон амьжиргааны тэтгэмжийн дэлгэрэнгүй мэдээлэл | HaniSeoul",Global Korea Scholarship,National Institute for International Education (NIIED),South Korea,master;phd;research,,full,,2-р сарын зарлалаас 6-р сарын эцсийн үр дүн хүртэлх аялал,yes,1,unclear,"БНСУ-ын Засгийн газрын тэтгэлэгт (GKS-G) нь гадаад оюутнуудад зориулагдсан бөгөөд магистр, докторын зэрэг болон судалгааны хөтөлбөрөөр суралцах боломжийг олгоно. Өргөдөл гаргагч нь CGPA 80% хүрэх шаардлагатай.","БНСУ-ын Засгийн газрын тэтгэлэгт гадаад оюутны магистр, докторын (GKS-G) хөтөлбөрийн танилцуулга",https://www.haniseoul.com/mn/blogs/global-korea-scholarship-g,https://www.haniseoul.com/mn/blogs/global-korea-scholarship-g,mn,2026-10-06T05:04:39+00:00,2026-10-07T06:36:37+00:00,gemma-4-26B-A4B-it-UD-Q4_K_M
129,"2027 оны GKS-U тэтгэлгийн тэтгэмж: Сургалтын төлбөр, онгоцны тийз, жилд 13,56 сая/14,4 сая воны сургалтын тэтгэмж | HaniSeoul",Global Korea Scholarship,NIIED,South Korea,bachelor,,full,,2025 оны 9-р сараас 2026 оны 1-р сар хүртэлх нийт урсгал,yes,1,unclear,Өргөдөл гаргагч өөрөө болон эцэг эх хоёулаа гадаад улсын иргэн байх ёстой бөгөөд Солонгосын иргэншилтэй давхар иргэншилтэй хүмүүс хамрагдах боломжгүй.,Өргөдөл гаргагч өөрөө болон эцэг эх хоёулаа гадаад улсын иргэн байх ёстой бөгөөд Солонгосын иргэншилтэй давхар иргэншилтэй хүмүүс хамрагдах боломжгүй.,https://www.haniseoul.com/mn/blogs/gks-scholarship-benefits,https://www.haniseoul.com/mn/blogs/gks-scholarship-benefits,mn,2026-10-06T05:04:31+00:00,2026-10-07T06:36:29+00:00,gemma-4-26B-A4B-it-UD-Q4_K_M
127,ЗГ-ын Тэтгэлэг,Russian Government Scholarship,Russian Government,Russia,bachelor;master;phd;short_course,,full,,2025 оны намар зарлагдана,yes,1,all,"Монгол улсын ЕБС төгсөгчид, Монгол дахь Орос ЕБС төгсөгчид, Монголын их дээд сургуулийн оюутнууд болон бакалавр, магистр, специалитетаар сурах хүсэлтэй насанд хүрэгчид (нас харгалзахгүй) хамрагдах боломжтой.","ЗГ-ын тэтгэлэгт хэн хамрагдах вэ?
- Монгол ЕБС төгсөгчид
- Монгол дахь Орос ЕБС төгсөгчид
- Монголын их дээд сургуулийн оюутнууд
- Бакалавр, магистр, специалитетаар сурах хүсэлтэй насанд хүрэгчид (нас харгалзахгүй)",https://edurussia.mn/gov-scholarship,https://edurussia.mn/gov-scholarship,mn,2026-10-06T05:04:21+00:00,2026-10-07T06:36:29+00:00,gemma-4-26B-A4B-it-UD-Q4_K_M
126,Япон улсын засгийн газрын тэтгэлэгт хөтөлбөр,MEXT Scholarship,Japanese Government,Japan,bachelor;postdoc;research,,full,,,yes,1,all,"Монгол Улсын иргэн байх, 1999 оны 4 дүгээр сарын 2-ны өдөр болон түүнээс хойш төрсөн, МУ дахь ЕБС-ийн 12-р ангийн сурагч эсвэл их, дээд сургуулийн оюутан байх шаардлагатай. Мөн сурлагын голч оноо (GPA) 3.5-аас дээш байх ёстой.",Иргэншил: | Монгол Улсын иргэн байх,https://edujapan.mn/monbusho,https://edujapan.mn/monbusho,mn,2026-10-06T05:04:14+00:00,2026-10-07T06:36:29+00:00,gemma-4-26B-A4B-it-UD-Q4_K_M
123,Coca-Cola Scholars Program Scholarship,Coca-Cola Scholars Program Scholarship,The Coca-Cola Scholars Foundation,United States,bachelor,,full,,The 2027 Coca-Cola Scholars application is now closed.,no,1,unclear,"Ахлах сургуулийн сурагч байх ёстой бөгөөд АНУ-ын иргэн, үндэсний иргэн, тогтмол оршин суугч, дүрвэгч эсвэл уlamжлагч байх шаардлагатай. Мөн АНУ-ын магадлан итгэмжлэгдсэн дээд боловсролын байгууллагад суралцах төлөвлөгөөтэй байх ёстой.","U.S. Citizens, U.S. Nationals, U.S. Permanent Residents, Refugees, Asylees, Cuban-Haitian Entrants, or Humanitarian Parolees - based on the guidelines utilized by U.S. Department of Education for Federal Financial Aid eligibility",https://www.coca-colascholarsfoundation.org/apply/,https://www.coca-colascholarsfoundation.org/apply/,en,2026-10-06T05:04:01+00:00,2026-10-07T06:36:29+00:00,gemma-4-26B-A4B-it-UD-Q4_K_M
118,ASEAN-China Young Leaders Scholarship 2026/2027 - AUN,ASEAN-China Young Leaders Scholarship,AUN,China,master;phd;short_course,,full,,,no,1,unclear,"ASEAN гишүүн орны иргэд байх, бие махбодь болон сэтгэцийн эрүүл байх, англи хэлний мэдлэгтэй (IELTS 6.0 эсвэл TOEFL 80), магистрт горилогчид бакалаврын зэрэгтэй бөгөөд 45 хүртэлх насны, докторын зэрэгт горилогчид магистрын зэрэгтэй бөгөөд 45 хүртэлх насны, мөн төрийн болон хувийн байгууллагад дор хаяж нэг жил ажилласан туршлагатай байх шаардлагатай.",Be a citizen of an ASEAN Member State;,http://www.campuschina.org,https://www.aunsec.org/aun-action/scholarships/asean-china-young-leaders-scholarship-20252026,en,2026-10-06T05:03:50+00:00,2026-10-07T06:36:29+00:00,gemma-4-26B-A4B-it-UD-Q4_K_M
119,10 Fully Funded Scholarships for Asian Students 2026-27 — MEXT | GKS | DAAD | Amounts & Deadlines,,Scholarwing,Multiple,bachelor;master;phd,,full,,"The page lists multiple deadlines for different scholarships, but no single main deadline for the entire list.",yes,1,unclear,"Open to students from Asian countries. Specific requirements vary by scholarship, including citizenship of eligible countries, minimum GPA, and work experience.","Below are the 10 best fully funded scholarships open to Asian students in 2026-27 — with exact deadlines, what each one covers, who qualifies, and what the selection committee is actually looking for.",https://scholarwing.com/scholarships-for-asian-students-2026/,https://scholarwing.com/scholarships-for-asian-students-2026/,en,2026-10-06T05:03:50+00:00,2026-10-06T05:03:50+00:00,gemma-4-26B-A4B-it-UD-Q4_K_M
109,Gulf Research Program Early-Career Research Fellowships,Gulf Research Program Early-Career Research Fellowships,"National Academies of Sciences, Engineering, and Medicine",United States,,science;engineering;health;oil system safety;environmental protection;human health,full,,,unclear,0,unclear,"Эрдэм шинжилгээний карьерын эхэн үеийн эрдэмтэд, инженерүүд болон эрүүл мэндийн мэргэжилтнүүдийг дэмжин ажиллах зорилготой.",,https://www.nationalacademies.org/programs/GULF-GULFEO-14-03,https://www.nationalacademies.org/programs/GULF-GULFEO-14-03,en,2026-10-06T05:02:42+00:00,2026-10-07T06:35:11+00:00,gemma-4-26B-A4B-it-UD-Q4_K_M
108,Newton International Fellowships | Royal Society,Newton International Fellowship,Royal Society,United Kingdom,postdoc,natural sciences;biological research;biomedical sciences;chemistry;engineering;mathematics;physics,full,,,yes,1,all,"PhD болон түүний дараах 5 жилийн дотор судалгааны туршлагатай, Их Британиас гадуур суурьшсан, Их Британийн иргэн биш, англи хэлээр харилцах чадвартай, байгалийн шинжлэх ухааны чиглэлээр судалгаа хийдэг эртний карьертай судлаач нар.",Applicants can be of any nationality and those requiring a visa are eligible to apply for a Global Talent Visa under the fast-track process of endorsement.,https://royalsociety.org/grants/newton-international/,https://royalsociety.org/grants/newton-international/,en,2026-10-06T05:02:38+00:00,2026-10-07T06:35:09+00:00,gemma-4-26B-A4B-it-UD-Q4_K_M
106,ODI Fellowship Scheme,ODI Fellowship Scheme,ODI Global,Multiple,master;phd,economics;statistics;related field,unknown,,,yes,1,all,"Эдийн засаг, статистик эсвэл холбогдох чиглэлээр магистр эсвэл докторын зэрэгтэй залуу хөгжлийн мэргэжилтнүүд бүх үндэстэн, LGBTQ+ болон хөгжлийн бэрхшээлтэй хүмүүсийг дэмжиж, урамшуулдаг.","We support and encourage applications from candidates of all nationalities, as well as LGBTQ+ and disabled candidates.",https://odi.org/en/fellowship-scheme/,https://odi.org/en/fellowship-scheme/,en,2026-10-06T05:02:33+00:00,2026-10-07T06:35:01+00:00,gemma-4-26B-A4B-it-UD-Q4_K_M
104,Mongolia - English Teaching Assistant Award,Fulbright English Teaching Assistant Award,Fulbright Program,Mongolia,bachelor;master,English,stipend_only,,,yes,1,list,"Америкын дээд боловсролын байгууллага төгсөгчид (Bachelor's, Master's) энэ шалгалтын хөтөлбөрт оролцох боломжтой.","Most ETAs are placed at universities, institutes, or vocational training colleges in one of the three major cities of Mongolia: Ulaanbaatar (the capital), Erdenet, and Darkhan.",https://us.fulbrightonline.org/countries/east-asia-pacific/mongolia/1591,https://us.fulbrightonline.org/countries/east-asia-pacific/mongolia/1591,en,2026-10-06T05:02:27+00:00,2026-10-07T06:34:55+00:00,gemma-4-26B-A4B-it-UD-Q4_K_M
103,"HU Visits Mongolia's Ministry of Education to Strengthen Cooperation under the Presidential Scholarship Program ""ILGEELT-2100""",ILGEELT-2100 Presidential Scholarship Program,Office of the President of Mongolia,Japan,bachelor,science;technology;engineering;mathematics;chemistry;physics,full,,,yes,1,list,Монгол улсын шилдэг ахлах сургуулийн төгсөгчид энэхүү тэтгэлэгт хамрагдах боломжтой бөгөөд тэтгэлэгт хамрагдсан оюутнууд төгсөөд Монгол улсад 5 жил ажиллах үүрэгтэй.,The program aims to develop highly skilled professionals who will contribute to Mongolia's future by providing outstanding high school graduates with opportunities to study at leading universities around the world.,https://www.hiroshima-u.ac.jp/en/international/news/99932,https://www.hiroshima-u.ac.jp/en/international/news/99932,en,2026-10-06T05:02:26+00:00,2026-10-07T06:34:54+00:00,gemma-4-26B-A4B-it-UD-Q4_K_M
102,"ШИНЖЛЭХ УХААН, ТЕХНОЛОГИЙН ИХ СУРГУУЛЬ",MUST Inbound Exchange Program,MUST (Mongolian University of Science and Technology),Mongolia,bachelor;master;phd,,partial,,Fall Semester: June 01 to August 25; Spring Semester: December 15 to January 22,unclear,1,unclear,"MUST-ийн түнш их сургуулийн оюутнууд энэхүү солилцооны хөтөлбөрт хамрагдах боломжтой. Оюутан нь гэрийн их сургуулиасаа албан ёсоор нэр дэвшүүлэгдсэн байх ёстой бөгөөд бакалаврын түвшний оюутнууд 2.7+, магистр, докторын түвшний оюутнууд 3.0+ GPA шаардлагатай. Хэлний мэдлэг: бакалаврын оюутнууд монгол хэлээр, магистр/докторын оюутнууд англи эсвэл монгол хэлээр чөлөөтэй ярьдаг байх шаардлагатай.",Inbound exchange programs provide foreign students from partner universities of MUST with an opportunity to study at MUST and experience different lecturing and research modes.,https://must.edu.mn/en/page/987,https://must.edu.mn/en/page/987,en,2026-10-06T05:02:23+00:00,2026-10-07T06:34:49+00:00,gemma-4-26B-A4B-it-UD-Q4_K_M
101,Scholarships & Funding | Go Abroad,Scholarships & Funding at Memorial University,Government of Canada (Global Affairs),Canada,postdoc;master;phd;bachelor,,full,,Open for 2026-2027 academic year,yes,1,all,"ASEAN орны орнууд, Номхон далайн арлын орнууд болон Монгол улсын иргэд SEED-2 тэтгэлэгт хамрагдах боломжтой. Тухайн сургуульд бүрэн цагаар суралцаж буй, сургалтын төлбөрөө төлж буй оюутан байх шаардлагатай.","Scholarships and Educational Exchanges for Development – Phase 2 (SEED-2) - for Member States of the Association of Southeast Asian Nations (ASEAN), Pacific Island Countries and Mongolia (NOW OPEN for Applications for 2026-2027 Academic Year)",https://www.mun.ca/goabroad/visiting-students-inbound/scholarships--funding/,https://www.mun.ca/goabroad/visiting-students-inbound/scholarships--funding/,en,2026-10-06T05:02:15+00:00,2026-10-07T06:34:46+00:00,gemma-4-26B-A4B-it-UD-Q4_K_M
99,2027 KOICA Scholarship Program,KOICA Scholarship Program,Korea International Cooperation Agency (KOICA),South Korea,master;phd,e-Government;Public Management;Climate Change;Environment;Economic Development Policy;High Value-added Agriculture;Global Fisheries Development;AI Digital Innovation,full,,June 2026,yes,1,all,"Өргөдөл гаргагч нь KOICA-ийн түнш орнуудын (OECD DAC жагсаалтад багтсан) иргэн байх ёстой бөгөөд заавал төрийн албан хаагч байж, өөрийн улсаас албан ёсны нэр дэвшүүлэлт авсан байх шаардлагатай. Бакалаврын зэрэгтэй (мастерын хөтөлбөрт) эсвэл магистрын зэрэгтэй (докторын хөтөлбөрт) байх ёстой.","Republic, Malaysia, Maldives, Mongolia, Nepal, Pakistan, Philippines, Sri -",https://www.mof.gov.jm/wp-content/uploads/KOICA-SP-2027-KOICA-Scholarship-Program-Guideline.pdf,https://www.mof.gov.jm/wp-content/uploads/KOICA-SP-2027-KOICA-Scholarship-Program-Guideline.pdf,en,2026-10-06T05:02:09+00:00,2026-10-07T06:34:40+00:00,gemma-4-26B-A4B-it-UD-Q4_K_M
93,In-Country/In-Region Programme in Developing Countries,In-Country/In-Region Programme in Developing Countries,DAAD,Developing countries,postdoc;master;phd,,full,,,yes,1,unclear,"Хөгжиж буй орнуудын ирээдүйн мэргэжилтнүүд болон удирдлагын түвшний ажилтнууд, ялангуяа их сургуулийн багш нарт зориулсан тэтгэлэг. Тус тэтгэлэг нь магистр болон докторын зэрэг эзэмших горимд олгогддог.","The In-Country/In-Region scholarship programme supports the training of future professionals and managerial staff in developing countries, in particular university teachers.",https://www.daad.de/en/information-services-for-higher-education-institutions/further-information-on-daad-programmes/in-countryin-region-programme-in-developing-countries/,https://www.daad.de/en/information-services-for-higher-education-institutions/further-information-on-daad-programmes/in-countryin-region-programme-in-developing-countries/,en,2026-10-06T05:02:00+00:00,2026-10-07T06:34:18+00:00,gemma-4-26B-A4B-it-UD-Q4_K_M
95,Scholarships | Chevening,Chevening Scholarships,Chevening,United Kingdom,master,,full,,,yes,1,all,Дэлхийн өнцөг булан бүрээс ирж буй шилдэг залуу удирдагчид Их Британи улсад нэг жилийн магистрын хөтөлбөрт суралцах боломжтой.,Chevening Scholarships enable outstanding emerging leaders from all over the world to pursue one-year master’s degrees in the UK.,https://www.chevening.org/scholarships/,https://www.chevening.org/scholarships/,en,2026-10-06T05:02:00+00:00,2026-10-07T06:34:25+00:00,gemma-4-26B-A4B-it-UD-Q4_K_M
96,Mongolian Government Scholarship (International Student Program),Mongolian Government Scholarship (International Student Program),Ministry of Education and Science of Mongolia,Mongolia,exchange;bachelor;master;phd,,full,,March to June annually (varies by country-specific bilateral agreement),yes,1,list,"Монгол Улстай дипломат болон боловсролын харилцаатай орны иргэд болон олон улсын оюутнуудад зориулсан энэхүү тэтгэлэг нь бакалавр, магистр, докторын түвшинд суралцах бүх мэргэжлийг хамарна. Өмчлөгч нь тухайн улсын хамтын ажиллагааны гэрээнд тусгагдсан байх шаардлагатай.","Aimed at international students from countries with diplomatic and educational ties to mongolia, Mongolian Government Scholarship (International Student Program) is a fully funded scholarship for study in Mongolia.",https://eduatlashub.com/scholarships/mongolian-government-scholarship-international-student-program/,https://eduatlashub.com/scholarships/mongolian-government-scholarship-international-student-program/,en,2026-10-06T05:02:00+00:00,2026-10-07T06:34:31+00:00,gemma-4-26B-A4B-it-UD-Q4_K_M
97,Засгийн газар хоорондын тэтгэлэг (Mongolia Government-to-Government Bilateral Scholarship),Mongolia Government-to-Government Bilateral Scholarship,Government of Mongolia / Education Loan Fund,"China, Japan, South Korea, Russia, France, Hungary, Turkey, Vietnam, United States, Australia, Laos, Belarus, Kazakhstan, Bulgaria, India, Romania, Cuba, Poland, United Kingdom, Czech Republic, Taiwan",bachelor;master;phd,priority-field degrees,full,,Dates announced each year,yes,1,all,"Монгол улсын иргэд тэдгэрлийн дагуу тэргүүлэх чиглэлээр суралцах боломжтой бөгөөд бакалавр, магистр, докторын зэрэгт хамрагдах боломжтой.","Mongolia's bilateral government-to-government scholarship covering living costs for citizens admitted to priority-field degrees in 20+ partner countries, Bachelor's through PhD.",https://www.globaladmissions.com/scholarship/mongolia-government-to-government-bilateral-scholarship,https://www.globaladmissions.com/scholarship/mongolia-government-to-government-bilateral-scholarship,en,2026-10-06T05:02:00+00:00,2026-10-07T06:34:33+00:00,gemma-4-26B-A4B-it-UD-Q4_K_M
98,Home,Global Undergraduate Exchange Program,Bureau of Educational and Cultural Affairs,United States,bachelor,,full,,Application deadlines vary by program and region.,unclear,1,unclear,"18-аас дээш насны, тухайн хөтөлбөрт оролцох орны иргэн, тухайн улсад оршин сууж буй, бакалаврын түвшний оюутан байх шаардлагатай.","a citizen of a UGRAD participating country, currently residing in that country;",https://exchanges.state.gov/non-us/program/global-undergraduate-exchange-program-global-ugrad,https://exchanges.state.gov/non-us/program/global-undergraduate-exchange-program-global-ugrad,en,2026-10-06T05:02:00+00:00,2026-10-07T06:34:33+00:00,gemma-4-26B-A4B-it-UD-Q4_K_M
90,The Rhodes Scholarship,The Rhodes Scholarship,Rhodes Trust,United Kingdom,postdoc,,full,,,yes,1,unclear,"Дэлхийн өнцөг булан бүрээс ирж буй авьяас чадвартай, олон улсын ойлголцол, энх тайвныг дэмждэг, нийгмийн үүрэгтэй удирдагчдыг бэлтгэх зорилготой энэхүү тэтгэлэгт дэлхийн өнцөг булан бүрээс ирж буй оюутнууд хамрагдах боломжтой.",The Rhodes Scholarship is a life-changing postgraduate opportunity to join outstanding people from around the world to study at the University of Oxford.,https://www.rhodeshouse.ox.ac.uk/scholarships/the-rhodes-scholarship/,https://www.rhodeshouse.ox.ac.uk/scholarships/the-rhodes-scholarship/,en,2026-10-06T05:01:35+00:00,2026-10-07T06:34:08+00:00,gemma-4-26B-A4B-it-UD-Q4_K_M
86,Hubert H. Humphrey Fellowship,Hubert H. Humphrey Fellowship,U.S. Department of State,United States,postdoc;master,Communications and Journalism;Law and Governance;Natural Resources Policy;Public and Economic Policy;Public Health Policy and Management;Technology Policy and Management,full,,June – July: Scholarship announced on U.S. Embassy website and social media,yes,1,list,"Тусгайлагдсан улс орнуудын дунд карьерын түвшинд ажиллаж буй мэргэжилтнүүдийг зориулан боловсруулагдсан, манлайлах чадварыг бэхжүүлэх зорилготой хөтөлбөр юм.","The Hubert H. Humphrey Fellowship Program, a Fulbright exchange, advances American interests by bringing influential professionals from priority countries to the United States to build strategic partnerships that advance shared interests and support U.S. foreign policy goals.",https://www.humphreyfellowship.org/how-to-apply/eligibility/,https://mn.usembassy.gov/hubert-h-humphrey-fellowship/,en,2026-10-06T05:00:45+00:00,2026-10-07T06:33:55+00:00,gemma-4-26B-A4B-it-UD-Q4_K_M
82,Mongolian Government Scholarships for International Students,Mongolian Government Scholarship,Ministry of Education and Science of Mongolia,Mongolia,bachelor;master;phd,,full,,"Varies, confirm on the official site",yes,1,list,"Тус тэтгэлэг нь түнш орны иргэд хүлээн авах боломжтой бөгөөд сонгосон хөтөлбөртөө тавигдах академик шаардлага, эрүүл мэндийн байдал, хэлний мэдлэг болон бусад тэтгэлэгтэй зөрчилдөхгүй байх зэрэг нөхцөлийг хангасан байх ёстой.","It is part of a national strategy to raise the international profile of Mongolian higher education, and it is designed around cultural and academic cooperation between Mongolia and partner nations.",https://titansabroad.org/blog/mongolia-government-scholarship-complete-guide,https://titansabroad.org/blog/mongolia-government-scholarship-complete-guide,en,2026-10-06T04:59:35+00:00,2026-10-07T06:33:39+00:00,gemma-4-26B-A4B-it-UD-Q4_K_M
81,Chinese Government Scholarship (CSC),Chinese Government Scholarship,Chinese Government,China,bachelor;master;phd,,full,,,yes,1,all,"БНХАУ-ын Элчин сайдын яамнаас Монгол Улсад жил бүр 220 квот хуваарилдаг бөгөөд үүнд 138 үргэлжлүүлэн суралцагч, 82 шинэ элсэгч (46 бакалавр + 36 магистр/доктор/ахисан түвшний оюутан) багтана. Бакалаврын түвшний горилогчид China Scholastic Competency Assessment (CSCA) шалгалтад тэнцсэн байх шаардлагатай.",The Chinese Embassy in Mongolia allocates 220 scholarships annually under the Chinese Government Scholarship program — 138 continuing students and 82 new admissions (46 undergraduates + 36 master’s/doctoral/general/advanced students).,https://wentchina.com/complete-guide-for-mongolian-students-to-study-in-china-2026-scholarships-popular-majors-application-process-and-success-stories/,https://wentchina.com/complete-guide-for-mongolian-students-to-study-in-china-2026-scholarships-popular-majors-application-process-and-success-stories/,en,2026-10-06T04:59:30+00:00,2026-10-07T06:33:38+00:00,gemma-4-26B-A4B-it-UD-Q4_K_M
80,"Сургалтын зээл тэтгэлэг, буцалтгүй тусламж",Education Loan Fund Scholarship and Grant,Боловсролын зээлийн сан,Mongolia,bachelor;master;phd;short_course,,tuition_only,,,yes,1,all,"Монгол Улсын иргэн байх шаардлагатай. Магадлан итгэмжлэгдсэн дээд боловсролын сургалтын байгууллагын оюутан байх, ЭЕГ-ын дундаж оноо 500-аас дээш байх, мөн бакалаврын түвшинд голч дүн 2.8, магистр/докторт 3.0-аас дээш байх шаардлагатай.",- Монгол Улсын иргэн байх,https://elf.gov.mn/sztbt/,https://elf.gov.mn/sztbt/,mn,2026-10-06T04:59:15+00:00,2026-10-07T06:33:34+00:00,gemma-4-26B-A4B-it-UD-Q4_K_M
73,Australia Research Training Program (RTP) Scholarships 2026-2027,Australia Research Training Program (RTP) Scholarships,Australian Government,Australia,master;phd,Research Masters;Research Doctorate,full,,"varies, April-Oct (annual)",yes,1,unclear,Австралийн дээд боловсролын байгууллагад эр исследованиярын магистр эсвэл докторын зэрэгт суралцаж буй дотоодын болон олон улсын оюутнууд энэхүү тэтгэлэгт хамрагдах боломжтой.,"The RTP provides block grants, on a calendar year basis, to higher education providers (HEPs) to support both domestic and overseas students undertaking Research Doctorate and Research Masters degrees, known as higher degrees by research (HDRs).",https://www.education.gov.au/research-training-program,https://www.scholars4dev.com/3023/international-postgraduate-scholarships-at-australian-universities/,en,2026-10-06T04:58:52+00:00,2026-10-07T06:33:14+00:00,gemma-4-26B-A4B-it-UD-Q4_K_M
68,The Canadian International Development Scholarships 2030 2026-2027,Canadian International Development Scholarships,Global Affairs Canada,Canada,exchange;postdoc;master;phd;bachelor;research,STEM;Artificial Intelligence;Green and Blue Economy;Climate Action;Health Sciences;Government and Administration,full,,varies per project partner,no,1,unclear,Энэхүү тэтгэлэг нь хувь хүн шууд өргөдөл гаргах боломжгүй бөгөөд Канадын дээд боловсролын байгууллага болон тэрхүү 26 эрх бүхий орны дээд боловсролын байгууллага хоорондын төслийн хамтын ажиллагаагаар дамжуулан олгогддог. Тэтгэлэгт хамрагдах орнууд нь Африкийн болон бусад хөгжиж буй орнууд юм.,"26 BCDI 2030 eligible countries: Benin, Burkina Faso, Cameroon, Central African, Republic, Chad, Congo, Democratic Republic of the Congo, Egypt, Gabon, Ghana, Guinea-Bissau, Haiti, Ivory Coast, Kenya, Madagascar, Mali, Mauritania, Morocco, Niger, Rwanda, Sao Tome and Principe, Senegal, South Africa, Tanzania, Togo, Tunisia",https://www.educanada.ca/scholarships-bourses/non_can/bcdi2030.aspx?lang=eng,https://www.scholars4dev.com/29123/the-canadian-international-development-scholarships-2030/,en,2026-10-06T04:58:45+00:00,2026-10-07T06:33:04+00:00,gemma-4-26B-A4B-it-UD-Q4_K_M
59,Rhodes Scholarships at Oxford University for International Students 2026-2027,Rhodes Scholarship,Rhodes Scholarship Fund,United Kingdom,master;phd,,full,,"varies, July-Oct 2026 (annual)",no,1,unclear,"Өргөдөл гаргагч нь тухайн өргөдөл гаргаж буй Rhodes бүс нутгийн иргэнчлэл болон оршин суух шаардлагыг хангасан байх ёстой. Насны хязгаар: 2026 оны 10 дугаар сарын 1-нд 18-24 насны байх (эмнэлэг, шүүх, эмийн, хууль, инженерчлэлийн чиглэлээр суралцагчдын хувьд 18-25 насны байх) эсвэл тодорхой нөхцөлд 27 нас хүрээгүй байх шаардлагатай. Мөн бакалаврын зэрэг нь дээд зэргийн оноотой (First Class Honours эсвэл түүнтэй дүйцэхүйц) байх ёстой бөгөөд англи хэлний мэдлэг хангалттай байх шаардлагатай.",Each applicant must fulfil the citizenship and residency requirements of the Rhodes constituency for which they are applying.,https://www.rhodeshouse.ox.ac.uk/scholarships/the-rhodes-scholarship/,https://www.scholars4dev.com/3667/rhodes-international-scholarships-at-oxford-university/,en,2026-10-06T04:58:15+00:00,2026-10-07T06:32:35+00:00,gemma-4-26B-A4B-it-UD-Q4_K_M
51,Fulbright Foreign Student Program in USA 2026-2027,Fulbright Foreign Student Program,USA Government,United States,master;phd,,full,,"varies, Feb-Oct 2026",yes,1,unclear,"Гадаад улс, тэрбуу буюу 155 орны оюутан, залуу мэргэжилтэн, уран бүтээлч нар АНУ-д магистр, докторын зэрэг эзэмших болон судалгаа хийх боломжтой.",International students from 155 countries around the world,http://foreign.fulbrightonline.org/about/foreign-fulbright,https://www.scholars4dev.com/2876/usa-fulbright-scholarships-for-international-students/,en,2026-10-06T04:57:43+00:00,2026-10-07T06:32:08+00:00,gemma-4-26B-A4B-it-UD-Q4_K_M
41,Fellowship Program (CIAT),KOICA Fellowship Program (CIAT),KOICA,South Korea,other,,full,,,yes,1,unclear,"Хөгжиж буй орнуудын төрийн секторын төлөөлөгчид, төрийн албан хаагчид, инженерүүд, судлаачид болон бодлого боловсруулагчдыг хамруулсан чадавхыг бэхжүүлэх сургалтын хөтөлбөр.","The fellowship program (CIAT) invites public sector representatives of developing countries to Korea to provide capacity building training, with a focus on sharing Korea's experience and technology",https://www.koica.go.kr/koica_en/3441/subview.do,https://www.koica.go.kr/koica_en/3441/subview.do,en,2026-10-06T04:57:02+00:00,2026-10-07T06:31:36+00:00,gemma-4-26B-A4B-it-UD-Q4_K_M
40,Joint Japan/World Bank Scholarship Program (JJ/WBGSP),Joint Japan/World Bank Scholarship Program,World Bank & Government of Japan,United States,,,full,,,yes,1,unclear,Хөгжиж буй орны иргэд энэхүү тэтгэлэгт хамрагдах боломжтой.,The Joint Japan/World Bank Scholarship Program (JJ/WBGSP) began in 1987 as part of a special Japanese initiative to strengthen human resources in developing countries.,https://www.worldbank.org/en/programs/scholarships/jj-wbgsp-reports,https://www.worldbank.org/en/programs/scholarships/jj-wbgsp-reports,en,2026-10-06T04:56:55+00:00,2026-10-07T06:31:34+00:00,gemma-4-26B-A4B-it-UD-Q4_K_M
36,Swiss Government Excellence Scholarships at a Glance,Swiss Government Excellence Scholarships,Swiss Confederation,Switzerland,master;phd;research,art,full,,Information on application deadlines and scholarship opportunities by country of origin will be published here in August 2026.,unclear,1,unclear,"Швейцарын засгийн газрын схем нь судалгаа болон урлагийн чиглэлээр суралцах, магистр эсвэл PhD зэрэг хамгаалахаар төлөвлөж буй гадаад оюутнуудыг зориулагдсан. Сонгогчдод амьжиргааны зардал, эрүүл мэндийн даатгал, түрээсийн барьцаа болон буцах нислэгт туслах тэтгэмж олгоно.",Scholarships are available at all Swiss conservatories and art schools. They are available to applicants from only a limited number of countries.,https://www.sbfi.admin.ch/en/swiss-government-excellence-scholarships-at-a-glance,https://www.sbfi.admin.ch/en/swiss-government-excellence-scholarships-at-a-glance,en,2026-10-06T04:56:42+00:00,2026-10-07T06:31:25+00:00,gemma-4-26B-A4B-it-UD-Q4_K_M
35,The Ignacy Lukasiewicz Scholarship Programme,The Ignacy Lukasiewicz Scholarship Programme,Polish National Agency for Academic Exchange (NAWA),Poland,master,engineering and technical sciences;agricultural sciences;sciences;natural sciences,full,,,no,1,unclear,"Хөгжиж буй орнуудын иргэд (Европ болон Төв Азийн орнуудыг оролцуулахгүй) магистрын зэрэг эзэмших боломжтой. Түүнчлэн Ангола, Колумби, Эфиоп, Энэтхэг, Индонез, Кени, Ливан, Мексик, Мьянмар, Нигери, Палестин, Перу, Өмнөд Африк, Филиппин, Сенегал, Танзани, Уганда, Вьетнам зэрэг орнуудын иргэд эхний ээлжинд сонгогдоно.","Scholarship holders will be first recruited from the following countries: Angola, Colombia, Ethiopia, India, Indonesia, Kenya, Lebanon, Mexico, Myanmar, Nigeria, Palestine, Peru, The Republic of South Africa, The Philippines, Senegal, Tanzania, Uganda and Vietnam.",https://programs.nawa.gov.pl/login,https://nawa.gov.pl/en/students/foreign-students/the-ignacy-lukasiewicz-scholarship-programme,en,2026-10-06T04:56:40+00:00,2026-10-07T06:31:21+00:00,gemma-4-26B-A4B-it-UD-Q4_K_M
33,The Stefan Banach Scholarship Programme,,NAWA,Poland,,,full,,,unclear,0,unclear,Энэхүү хөтөлбөр нь гадаад оюутнуудад зориулагдсан бөгөөд түүний талаарх дэлгэрэнгүй мэдээлэл болон баримт бичгүүдийг татаж авах боломжтой.,,https://nawa.gov.pl/en/students/foreign-students/the-stefan-banach-scholarship-programme/documents-for-download,https://nawa.gov.pl/en/students/foreign-students/the-stefan-banach-scholarship-programme/documents-for-download,en,2026-10-06T04:56:33+00:00,2026-10-07T06:21:45+00:00,gemma-4-26B-A4B-it-UD-Q4_K_M
34,Interviews,,NAWA,Poland,,,unknown,,,yes,1,unclear,"The page is part of the Stefan Banach Scholarship Programme, which is intended for foreign students.",Programmes for foreign students,https://nawa.gov.pl/en/students/foreign-students/the-stefan-banach-scholarship-programme/information-for-applicants/interviews,https://nawa.gov.pl/en/students/foreign-students/the-stefan-banach-scholarship-programme/information-for-applicants/interviews,en,2026-10-06T04:56:33+00:00,2026-10-06T04:56:33+00:00,gemma-4-26B-A4B-it-UD-Q4_K_M
31,Information for applicants,Banach NAWA Scholarship Programme,NAWA,Poland,master,,stipend_only,,"The results of the scholarship selection will be announced by July 31, 2026",yes,1,all,"Баклаврын зэрэгтэй, тухайн жагсаалтад заасан улсын иргэн байх шаардлагатай (Монгол Улс багтсан). Тухайн улсад бакалаврын зэргээ авсан байх ёстой бөгөөд Польш улсын иргэн биш байх ёстой.","Applicants must be citizens and must have obtained their degree in of one of the following countries: Albania, Angola, Argentina, Armenia, Azerbaijan, Belarus, Bosnia and Herzegovina, Brazil, Georgia, India, Indonesia, Iraq, Iran, Jordan, Kazakhstan, Kenya, Kosovo, Lebanon, Mexico, Moldova, Mongolia, Montenegro, Nigeria, North Macedonia, Palestine, Papua New Guinea, Peru, Philippines, Rwanda, Senegal, Serbia, Tanzania, Tunisia, Ukraine, Uzbekistan, or Vietnam.",https://nawa.gov.pl/en/students/foreign-students/the-banach-scholarship-programme/information-for-applicants,https://nawa.gov.pl/en/students/foreign-students/the-banach-scholarship-programme/information-for-applicants,en,2026-10-06T04:56:32+00:00,2026-10-07T06:31:12+00:00,gemma-4-26B-A4B-it-UD-Q4_K_M
30,Banach NAWA Scholarship Programme,Banach NAWA Scholarship Programme,Polish National Agency for Academic Exchange (NAWA),Poland,master,,full,,,yes,1,unclear,"Хөгжиж буй орнуудын иргэд (Зүүн Европын, Ази, Африк болон Латин Америкийн 36 орны иргэд) энэхүү тэтгэлэгт хамрагдах боломжтой.","The programme is open to citizens of 36 countries covered by Polish Aid from Eastern Europe, Asia, Africa and Latin America.",https://nawa.gov.pl/en/students/foreign-students/the-banach-scholarship-programme/about-the-programme,https://nawa.gov.pl/en/students/foreign-students/the-banach-scholarship-programme/about-the-programme,en,2026-10-06T04:56:24+00:00,2026-10-07T06:31:08+00:00,gemma-4-26B-A4B-it-UD-Q4_K_M
29,Banach NAWA Scholarship Programme,Banach NAWA Scholarship Programme,Polish National Agency for Academic Exchange (NAWA),Poland,master,,full,,,yes,1,unclear,"Хөгжиж буй орнуудын иргэд (Зүүн Европын, Ази, Африка болон Латин Америкийн 36 орны иргэд) магистрын хөтөлбөрт хамрагдах боломжтой.","The programme is open to citizens of 36 countries covered by Polish Aid from Eastern Europe, Asia, Africa and Latin America.",https://nawa.gov.pl/en/students/foreign-students/the-banach-scholarship-programme,https://nawa.gov.pl/en/students/foreign-students/the-banach-scholarship-programme,en,2026-10-06T04:56:20+00:00,2026-10-07T06:31:04+00:00,gemma-4-26B-A4B-it-UD-Q4_K_M
27,English Language Training - Australia Awards - Mongolia,Australia Awards Scholarships,Australia Awards,Australia,,,full,,,yes,1,unclear,Австралийн эрхшээлтэй суралцагчид Австралийн их дээд сургуульд элсэхэд шаардлагатай визний болон англи хэлний шаардлагыг (IELTS 6.5 буюу түүнтэй тэнцэх хэмжээний TOEFL) хангасан байх ёстой. Сонгогдсон суралцагчид заавал англи хэлний сургалт эсвэл академик бэлтгэл хөтөлбөрт хамрагдах үүрэгтэй.,Published by Australia Awards Mongolia,https://www.australiaawardsmongolia.org/scholarships/english-language-training/,https://www.australiaawardsmongolia.org/scholarships/english-language-training/,en,2026-10-06T04:55:58+00:00,2026-10-07T06:30:59+00:00,gemma-4-26B-A4B-it-UD-Q4_K_M
26,Who Can Apply - Australia Awards - Mongolia,Australia Awards Scholarships,Australia Awards,Australia,master,,full,,Applications for Australia Awards Scholarships commencing in 2028 will reopen in early 2027.,yes,1,all,"Монгол улсын иргэд бакалаврын зэрэгтэй, GPA 3.0-аас дээш, IELTS 6.0 (ямар нэг хэсэг нь 5.5-аас бага биш) эсвэл түүнтэй дүйцэхүйц TOEFL оноотой байх шаардлагатай. Мөн Монгол улсад 2 жил тасралтгүй ажилласан байх ёстой (хөгжлийн бэрхэмжлэлтэй хүмүүс ажилласан туршлага шаардахгүй).","In addition to the eligibility requirements, candidates from Mongolia must also meet the following country-specific conditions:",https://www.australiaawardsmongolia.org/scholarships/who-can-apply/,https://www.australiaawardsmongolia.org/scholarships/who-can-apply/,en,2026-10-06T04:55:54+00:00,2026-10-07T06:30:57+00:00,gemma-4-26B-A4B-it-UD-Q4_K_M
24,Stipendium Hungaricum,Stipendium Hungaricum,Hungarian Government,Hungary,bachelor;master;phd;postdoc;short_course,,full,,,yes,1,unclear,"Өндөр сурлагатай олон улсын оюутнуудад зориулсан энэхүү тэтгэлэг нь суралцагчдын сургуулийн төлбөрийг бүрэн чөлөөлөх, сар бүр амьжиргааны мөнгө олгох, байрны нэмэгдэл болон эрүүл мэндийн даатгал олгох боломжтой.","It is available on five continents in over 100 countries, attracting tens of thousands of international students each year.",https://stipendiumhungaricum.hu/about/,https://stipendiumhungaricum.hu/about/,en,2026-10-06T04:55:49+00:00,2026-10-07T06:30:50+00:00,gemma-4-26B-A4B-it-UD-Q4_K_M
25,Applications - Australia Awards - Mongolia,Australia Awards Scholarships,Australia Awards,Australia,postdoc;master,,full,,Applications for Australia Awards Scholarships commencing in 2028 will reopen in early 2027.,yes,1,all,Монгол Улсын иргэд Австралийн дээд боловсролын байгууллагад магистрын зэрэг (сургалт болон судалгааны) хамгаалахад зориулсан тэтгэлэгт хамрагдах боломжтой.,Australia Awards Scholarships provide citizens of Mongolia with the opportunity to obtain a postgraduate qualification at an Australian tertiary institution.,https://www.australiaawardsmongolia.org/scholarships/applications/,https://www.australiaawardsmongolia.org/scholarships/applications/,en,2026-10-06T04:55:49+00:00,2026-10-07T06:30:54+00:00,gemma-4-26B-A4B-it-UD-Q4_K_M
17,GKS (Global Korea Scholarship) Program,Global Korea Scholarship,Korean Government,South Korea,research;master;bachelor;short_course;other,humanities;social studies;natural sciences;arts;physical education;science and engineering,full,,September,yes,1,unclear,"ӨргАТлын горим болон сургуулийн горимын хувьд гориллогч болон тэдний эцэг эх нар БНСУ-ын бус иргэн байх ёстой. Бакалаврын хөтөлбөрт 25 хүртэлх насны, магистр болон докторын хөтөлбөрт 40 хүртэлх насны оюутнууд гориллож болно.",Nationality: Applicants and both of their parents must hold non-Korean citizenship,https://www.studyinkorea.go.kr/ko/plan/scholarship.do,https://www.studyinkorea.go.kr/ko/plan/scholarship.do,en,2026-10-06T04:55:21+00:00,2026-10-07T06:30:33+00:00,gemma-4-26B-A4B-it-UD-Q4_K_M
16,国費留学生制度の給与（奨学金）及び大学推薦者の語学要件等について,MEXT Scholarship,"Ministry of Education, Culture, Sports, Science and Technology (MEXT)",Japan,,,full,,,yes,1,unclear,Гадаад улсын оюутан нарт зориулсан MEXT тэтгэлэгт хамрагдах боломжтой бөгөөд оюутны үндэсний иргэншил болон суралцах орны хооронд ялгаатай байж болох ч визний асуудлыг үндэсний эмбассадаар дамжуулан шийдвэрлэдэг.,国費外国人留学生が給与以外に受給可能であるもの。,https://www.mext.go.jp/a_menu/koutou/ryugaku/07032814.htm,https://www.mext.go.jp/content/20200324-mxt_gakushi02-100001310-01.pdf,ja,2026-10-06T04:55:10+00:00,2026-10-07T06:30:27+00:00,gemma-4-26B-A4B-it-UD-Q4_K_M
12,Japan Student Services Organization (JASSO) Scholarships,Japan Student Services Organization (JASSO) Scholarships,Japan Student Services Organization (JASSO),Japan,research;master;bachelor;postdoc;short_course,,stipend_only,,,yes,1,unclear,"Энэхүү тэтгэлэг нь Японы их, дээд сургууль, мэргэжлийн сургуулиудад суралцаж буй санхүүгийн хүндрэлтэй, сурлагын амжилттай гадаад оюутнуудад зориулагдсан. Мөн Японы сургууль болон оюутны эх сургуулийн хоорондын солилцооны хөтөлбөрт хамрагдаж буй оюутнууд мөн хүсэлт гаргах боломжтой.","This program offers scholarships to privately financed international students enrolled in universities, graduate schools, junior colleges, colleges of technology, post-secondary courses at specialized training colleges and educational institutions with preparatory courses for entering Japanese universities, as well as Japanese language institutions in Japan (hereinafter collectively referred to as ""universities, etc."").",https://www.studyinjapan.go.jp/en/planning/scholarships/jasso-scholarships/,https://www.studyinjapan.go.jp/en/planning/scholarships/jasso-scholarships/,en,2026-10-06T04:54:54+00:00,2026-10-07T06:30:14+00:00,gemma-4-26B-A4B-it-UD-Q4_K_M
11,Japanese Government (MEXT) Scholarship,Japanese Government (MEXT) Scholarship,Japanese Government (MEXT),Japan,research;postdoc;master;phd;bachelor;short_course,,full,,,yes,1,unclear,"Суралчлах хүсэлт гаргагч нь насны хязгаар болон боловсролын түвшнээс хамаарч дараах шаардлагуудыг хангасан байх ёстой: судалгааны оюутан (35 хүртэл), багш бэлтгэх (35 хүртэл, 5 жил ажилласан туршлагатай), бакалавр (25 хүртэл), япон судлал (18-29 насны), технологийн коллеж (25 хүртэл), мэргэжлийн сургалтын коллеж (25 хүртэл), залуу удирдагч (40 хүртэл).","In this type of scholarship, scholarship recipients are recruited and initially screened by a Japanese embassy (or consulate general, depending on the country).",https://www.studyinjapan.go.jp/en/planning/scholarships/mext-scholarships/,https://www.studyinjapan.go.jp/en/planning/scholarships/mext-scholarships/,en,2026-10-06T04:54:48+00:00,2026-10-07T06:30:11+00:00,gemma-4-26B-A4B-it-UD-Q4_K_M
1,Mongolia (Chevening Scholarship) | Chevening,Chevening Scholarship,UK Government,United Kingdom,master,,full,,Closed for applications,yes,1,unclear,Chevening бол Их Британийн засгийн газрын нэрэмжтэй олон улсын тэтгэлэг бөгөөд тэтгэлэгт шалгарсан оюутнуудад Их Британид суралцах боломжийг олгодог.,Chevening is the UK Government’s prestigious international scholarships programme.,https://www.chevening.org/scholarship/mongolia/,https://www.chevening.org/scholarship/mongolia/,en,2026-10-06T04:31:40+00:00,2026-10-07T06:29:40+00:00,gemma-4-26B-A4B-it-UD-Q4_K_M
